shift_duration_hrs,ventilation_rate_m3_per_min,methane_level_ppm,machinery_age_years,avg_worker_experience_yrs,workforce_size,depth_m,temperature_c,incidents_last_30_days,incident_occurred
8,4.92,137.2,4.0,2.8,8,416.0,33.1,2,1
12,5.01,108.1,1.6,1.9,27,861.0,31.7,0,0
10,6.09,51.0,9.5,1.6,13,225.0,27.6,0,0
10,7.16,1.0,0.2,17.9,28,315.0,25.2,1,0
8,8.14,102.8,1.7,0.8,25,312.0,27.1,0,0
8,5.05,50.5,16.2,6.6,20,296.0,22.9,1,1
8,9.19,199.0,15.4,0.0,29,448.0,27.6,0,0
12,6.01,3.6,18.3,4.5,30,891.0,13.8,0,0
10,6.46,131.9,17.1,12.4,13,805.0,28.4,0,0
10,5.16,425.7,13.7,1.7,19,329.0,28.6,0,0
8,2.14,28.7,1.0,1.0,37,409.0,32.2,0,0
12,8.09,95.7,15.7,5.3,5,619.0,29.5,1,0
12,7.83,14.4,16.9,6.2,9,65.0,32.9,1,0
8,5.99,147.4,16.0,5.8,13,747.0,30.7,0,0
8,6.62,120.0,10.2,1.9,10,798.0,33.2,0,0
8,7.43,78.5,4.7,1.5,32,779.0,41.1,0,0
8,3.69,110.5,16.9,15.6,30,369.0,30.1,0,1
10,5.55,340.3,14.5,12.8,32,443.0,28.9,0,0
8,7.93,32.8,19.6,3.1,19,61.0,33.9,0,0
8,4.24,3.4,3.1,9.4,10,389.0,25.7,0,0
10,7.03,296.7,4.5,3.0,31,441.0,27.4,0,0
8,4.06,129.1,4.2,2.8,8,821.0,30.1,0,1
8,7.34,332.0,15.9,0.9,15,810.0,28.4,0,0
8,6.44,136.3,3.7,2.8,25,871.0,28.3,0,0
8,3.59,249.2,1.3,3.9,34,802.0,32.5,0,1
10,8.6,84.2,20.0,0.1,22,57.0,19.5,0,0
8,5.18,207.9,0.5,2.9,39,595.0,38.2,1,1
10,5.04,366.3,16.7,7.6,7,108.0,30.4,0,1
10,6.86,127.3,7.3,5.7,16,282.0,26.0,0,0
8,8.57,29.9,16.8,5.0,31,542.0,36.1,1,0
10,4.67,47.0,11.1,12.0,34,646.0,28.5,1,0
8,6.61,33.2,18.0,0.1,25,606.0,28.6,0,0
8,7.27,42.5,18.5,4.1,25,92.0,26.9,0,0
12,7.75,54.9,0.2,7.7,19,138.0,35.3,0,0
12,6.82,121.5,1.5,3.9,22,159.0,28.0,0,0
12,5.84,133.0,5.0,2.0,33,128.0,25.2,0,1
8,5.01,83.4,13.4,0.7,25,201.0,33.0,1,0
8,6.66,143.3,17.8,10.9,21,635.0,33.9,0,1
10,4.57,12.8,9.2,3.2,22,756.0,36.0,1,0
8,1.5,13.8,12.1,10.5,16,397.0,31.2,1,0
8,7.29,28.3,3.8,4.4,15,639.0,33.7,0,0
8,8.13,109.5,16.1,5.6,24,220.0,26.7,0,0
8,2.25,36.1,19.3,8.2,13,877.0,33.1,1,1
12,4.68,50.0,5.4,5.4,5,347.0,31.7,1,0
8,7.61,76.7,9.9,2.5,7,769.0,30.7,2,1
10,10.2,250.6,1.7,3.6,25,854.0,20.2,0,0
8,6.54,2.1,11.2,8.1,27,785.0,26.1,0,0
10,5.19,157.2,10.1,2.3,13,107.0,27.8,0,0
10,6.17,165.8,2.9,2.5,23,603.0,30.7,0,0
8,8.97,240.4,8.8,0.5,23,152.0,40.0,0,0
12,5.34,404.9,6.7,12.3,27,55.0,32.3,1,0
10,5.06,3.1,10.4,0.5,31,94.0,23.9,1,0
12,5.63,25.0,11.7,5.2,31,829.0,25.6,0,0
12,4.78,326.0,0.2,2.7,16,822.0,34.9,0,0
10,6.72,92.0,15.2,2.6,31,242.0,25.4,1,0
12,9.42,124.7,14.3,5.7,38,515.0,33.1,1,1
8,7.08,163.2,7.3,0.3,37,862.0,28.6,1,1
8,6.05,170.5,1.1,4.5,32,472.0,27.2,0,1
8,5.97,402.7,15.1,7.4,35,385.0,25.5,1,0
8,3.69,868.9,19.1,8.8,36,461.0,12.8,0,0
8,8.09,191.0,4.8,0.9,24,722.0,30.7,1,0
8,6.36,50.8,6.5,11.4,39,456.0,22.7,1,0
12,6.18,317.7,3.7,5.3,35,716.0,20.9,0,0
8,12.0,7.6,11.5,10.7,35,417.0,29.2,0,0
8,7.04,39.4,3.1,3.3,26,264.0,33.1,2,0
10,5.15,341.5,7.1,3.9,13,328.0,19.5,1,0
8,5.73,44.4,13.9,12.6,13,116.0,33.0,1,0
12,8.57,37.4,11.2,11.5,19,473.0,23.5,0,0
8,6.7,22.3,7.7,3.0,17,176.0,31.2,0,0
12,3.91,294.0,8.4,1.6,26,740.0,30.9,0,1
10,8.15,104.0,11.2,2.5,20,408.0,27.0,0,0
8,5.3,168.5,0.1,2.5,36,700.0,28.1,1,0
8,9.87,41.0,1.6,1.7,6,861.0,26.0,2,0
12,8.44,212.8,17.6,1.6,30,772.0,29.3,0,0
10,5.69,214.1,1.6,9.9,18,859.0,29.3,0,0
10,8.81,56.2,14.1,0.4,38,533.0,23.4,3,0
10,6.62,79.3,18.4,5.7,12,191.0,21.2,1,0
8,8.03,35.3,5.4,0.9,25,845.0,33.0,0,0
8,7.37,563.0,7.4,2.1,32,788.0,29.0,0,1
8,4.98,155.6,11.4,0.3,10,785.0,32.3,2,1
12,5.34,409.0,17.6,1.6,24,639.0,24.6,2,1
10,8.35,54.2,18.8,7.3,35,581.0,23.9,0,0
8,5.9,228.4,14.8,10.8,37,63.0,22.9,0,0
8,5.77,217.8,1.7,1.3,11,686.0,27.1,0,0
8,4.78,176.5,13.4,3.1,12,128.0,29.2,0,0
8,7.26,505.6,8.2,3.2,13,271.0,25.3,0,1
10,10.21,75.0,9.4,10.3,6,519.0,35.8,1,0
10,4.58,21.0,1.0,7.2,21,434.0,24.8,0,0
12,6.54,167.1,3.8,3.6,21,63.0,29.2,0,0
8,9.04,196.0,15.8,5.6,39,750.0,23.6,0,0
8,6.36,128.4,9.1,9.4,34,797.0,24.6,1,0
10,7.31,34.8,6.0,0.0,10,630.0,27.6,0,0
10,4.59,105.3,7.7,2.6,8,510.0,23.8,1,0
10,7.27,56.1,17.1,11.9,39,867.0,28.4,1,1
10,6.16,83.7,15.0,6.7,13,152.0,30.2,0,0
8,8.27,155.4,5.4,3.9,10,677.0,33.5,1,0
10,8.64,205.1,2.4,3.8,17,159.0,22.6,0,0
8,11.16,39.6,5.0,2.1,26,375.0,28.8,0,0
8,7.54,78.0,18.4,3.7,32,548.0,27.7,0,0
8,7.09,47.0,11.6,5.3,34,677.0,18.8,2,1
8,6.85,33.2,10.7,2.7,6,53.0,22.4,0,0
10,5.86,229.4,11.9,6.3,12,272.0,30.4,2,0
8,7.11,360.0,7.3,9.9,13,507.0,21.2,1,0
10,5.97,69.4,16.1,0.8,5,503.0,27.6,2,1
12,6.8,208.7,10.5,3.0,17,592.0,17.4,0,0
8,8.87,340.9,2.3,2.6,19,308.0,27.5,0,0
8,4.69,280.7,2.6,5.8,36,509.0,17.7,0,0
10,8.55,30.3,10.7,1.4,38,211.0,25.0,0,0
8,8.87,469.5,18.7,5.1,35,209.0,25.8,1,0
8,6.29,70.9,6.2,10.5,18,540.0,28.6,0,0
8,2.68,62.2,17.4,2.7,18,633.0,26.7,0,0
8,5.41,9.7,15.3,12.1,33,152.0,21.8,0,0
12,8.83,99.9,5.0,24.9,23,154.0,21.9,0,0
12,6.46,17.3,0.7,0.6,31,531.0,19.9,0,0
10,4.7,42.9,2.0,1.3,13,280.0,29.0,0,0
12,5.59,57.2,14.6,15.0,32,384.0,28.8,1,0
12,8.01,248.2,4.0,15.9,28,391.0,31.3,1,0
8,7.48,312.5,7.4,0.5,32,202.0,25.5,1,0
12,6.07,54.0,10.0,0.1,22,51.0,19.3,1,0
10,5.84,293.5,14.5,0.9,29,775.0,26.4,1,1
12,5.79,292.0,2.3,27.6,39,658.0,28.1,2,0
12,4.84,217.0,8.1,1.0,8,637.0,22.2,0,0
8,9.41,23.8,9.7,3.5,18,515.0,22.7,0,0
8,5.92,175.8,10.8,9.4,30,646.0,30.3,1,0
8,8.69,435.1,16.4,0.1,12,845.0,28.5,0,0
8,9.24,172.1,3.4,4.6,28,616.0,33.7,0,0
12,8.3,60.4,16.2,1.6,20,275.0,36.6,0,0
12,5.72,104.1,13.9,9.9,24,535.0,20.5,1,0
8,7.23,155.7,11.1,1.7,19,426.0,25.9,0,0
10,6.46,107.2,14.0,5.8,11,523.0,28.6,0,1
8,4.87,19.2,8.2,5.6,21,490.0,29.8,0,0
8,7.08,56.1,2.8,1.3,26,780.0,33.1,1,0
8,4.38,243.2,13.3,0.2,26,604.0,31.6,0,1
8,8.64,296.4,10.5,2.6,16,210.0,33.7,0,0
12,5.66,22.2,12.8,1.7,22,104.0,28.3,1,0
8,6.86,456.7,6.8,8.3,19,411.0,24.9,0,0
10,7.01,59.8,18.1,8.1,20,63.0,37.7,0,0
10,6.03,162.8,11.7,3.1,9,321.0,28.8,0,0
8,7.56,209.0,1.7,4.7,6,363.0,26.8,0,0
12,5.65,250.7,9.0,4.6,32,369.0,22.6,1,0
12,8.07,437.1,15.1,8.8,31,882.0,28.8,0,0
8,4.08,56.3,15.9,2.8,35,308.0,33.0,0,1
8,6.73,293.3,9.9,1.6,5,275.0,25.5,1,0
8,9.99,21.2,17.9,1.5,33,160.0,27.3,0,0
8,4.7,183.1,5.4,3.8,5,484.0,29.2,0,0
8,5.28,203.2,8.2,3.0,12,181.0,30.4,0,0
10,7.43,169.9,18.0,2.9,20,574.0,26.7,1,1
10,6.82,43.6,17.9,0.5,32,182.0,26.0,0,0
8,7.13,309.6,13.7,6.3,26,540.0,25.4,0,0
8,7.38,27.7,17.2,1.2,22,752.0,22.5,0,0
12,7.64,8.3,1.8,1.1,26,86.0,24.1,0,0
8,8.5,189.6,17.3,2.7,16,407.0,24.0,1,0
8,7.24,96.8,6.4,1.3,23,442.0,20.3,0,0
8,6.07,283.7,3.6,4.4,29,722.0,33.0,0,0
12,7.71,72.5,4.8,2.3,9,448.0,29.8,1,0
8,9.92,27.6,8.4,3.0,38,532.0,28.7,1,0
10,6.26,271.6,5.0,3.9,14,723.0,34.5,0,0
10,4.75,119.4,6.4,1.1,11,526.0,31.6,0,0
8,8.49,31.5,2.7,0.8,19,355.0,24.1,0,0
10,6.28,191.2,5.9,10.6,28,123.0,33.9,0,1
8,2.59,107.3,11.4,2.8,30,670.0,32.9,0,0
10,8.03,139.1,8.8,2.7,30,790.0,22.4,0,0
10,5.54,92.7,6.9,0.2,30,875.0,32.5,0,0
10,6.34,264.7,14.9,3.4,14,838.0,25.7,0,0
8,7.1,265.4,17.9,4.0,21,728.0,33.0,0,0
12,6.84,185.4,15.1,4.1,18,597.0,26.3,1,0
8,7.78,16.7,6.6,6.1,6,714.0,25.3,1,0
8,5.72,273.8,14.9,1.0,17,417.0,25.8,0,0
8,7.42,166.8,3.0,1.5,31,556.0,23.1,1,0
10,6.03,179.1,2.6,8.3,13,346.0,20.6,0,0
10,7.83,67.6,6.9,14.7,11,328.0,15.5,1,0
8,7.61,317.1,16.2,0.7,14,693.0,22.7,1,0
10,4.82,193.9,4.9,3.4,13,436.0,41.2,0,0
8,8.45,17.9,1.3,1.2,26,230.0,30.4,0,0
10,5.54,78.6,2.6,0.3,27,222.0,37.3,1,0
8,7.95,326.2,17.2,2.0,11,780.0,26.4,0,0
10,7.16,7.3,12.7,0.8,13,626.0,25.7,0,0
8,9.81,488.2,5.1,6.2,31,514.0,36.6,0,0
12,6.1,170.5,11.1,3.8,28,391.0,29.9,1,1
8,5.87,149.7,10.6,0.8,33,416.0,23.2,0,0
8,6.47,47.3,13.1,0.0,21,99.0,31.2,0,0
8,5.95,42.9,4.7,8.3,24,437.0,34.3,1,0
12,7.94,427.2,17.3,1.0,11,726.0,20.9,1,1
12,3.59,53.1,6.2,4.7,11,380.0,30.3,0,0
8,4.6,224.1,13.9,2.1,32,376.0,21.2,0,0
10,4.58,74.9,0.3,4.4,23,63.0,34.0,0,0
12,8.21,22.5,7.5,1.9,24,439.0,29.2,1,1
10,9.58,1.6,7.0,0.5,11,72.0,31.1,0,0
10,6.31,117.9,10.9,1.3,10,535.0,26.9,0,0
8,6.2,558.1,1.5,1.0,29,481.0,19.1,0,0
8,6.63,69.1,15.8,2.8,17,764.0,25.8,1,0
12,8.59,66.3,4.4,5.4,26,545.0,32.6,1,0
12,4.83,63.3,13.5,1.5,21,325.0,38.0,0,1
10,6.93,110.3,16.1,0.1,26,489.0,29.4,0,1
8,8.26,87.2,11.2,3.7,38,645.0,24.6,0,0
8,7.4,317.9,14.8,4.7,12,130.0,30.7,0,0
10,6.84,105.6,13.2,16.5,22,578.0,32.2,0,1
12,8.3,106.3,7.1,4.5,28,829.0,28.7,1,0
12,1.63,22.3,16.2,3.2,6,304.0,28.4,0,0
10,7.72,608.9,5.9,4.3,6,583.0,29.1,0,0
10,5.32,43.1,11.4,13.1,31,748.0,28.2,0,0
8,3.2,11.4,14.9,8.8,18,485.0,29.5,0,0
8,7.42,163.2,7.6,2.0,16,660.0,37.1,1,0
12,8.97,135.7,6.1,1.4,36,314.0,17.8,0,0
10,6.25,80.5,9.2,1.5,32,310.0,26.8,0,1
8,8.22,82.3,16.4,3.5,32,617.0,23.3,0,0
8,9.4,230.6,18.6,6.8,29,650.0,33.9,0,0
10,8.87,32.7,10.9,3.5,8,846.0,27.3,1,0
8,9.45,257.4,13.2,0.4,30,241.0,30.8,0,0
8,7.84,156.9,18.1,6.4,7,448.0,35.1,1,0
10,6.64,81.4,2.0,8.2,5,263.0,22.6,0,0
10,3.62,91.9,4.6,1.7,21,118.0,25.4,0,0
10,6.06,44.5,14.2,5.5,11,393.0,34.6,0,0
8,4.98,209.2,16.5,2.8,9,368.0,22.4,0,0
10,10.41,107.9,17.1,11.0,23,280.0,25.5,2,0
8,6.18,58.0,8.3,9.3,38,302.0,20.0,0,0
8,6.72,136.0,1.8,3.7,39,356.0,34.8,1,0
10,7.49,818.6,8.8,5.9,20,891.0,25.1,0,0
10,6.58,85.7,4.6,10.7,31,716.0,29.8,0,0
12,9.55,380.2,5.8,3.4,29,111.0,31.4,0,0
10,5.38,63.5,15.4,1.9,30,792.0,24.0,1,1
10,6.85,8.4,1.5,7.0,18,588.0,18.5,1,0
8,5.16,34.3,16.6,1.2,18,807.0,26.9,0,1
8,4.12,81.4,8.6,2.5,18,340.0,26.8,0,0
8,5.4,37.2,11.9,10.0,29,445.0,27.7,0,0
8,6.43,0.0,1.8,6.4,8,812.0,27.7,1,1
12,5.73,369.8,6.7,2.6,19,282.0,25.5,1,0
8,5.25,278.6,1.8,1.2,36,828.0,25.3,0,0
12,3.97,203.4,19.2,2.2,22,754.0,29.5,0,0
10,6.35,27.6,16.1,1.7,18,883.0,23.9,1,0
10,3.79,19.2,9.2,1.0,5,326.0,27.5,0,0
10,7.87,10.5,4.5,6.8,24,250.0,25.2,0,0
10,6.65,193.1,18.7,1.5,14,331.0,29.5,0,0
8,3.88,396.4,6.9,3.0,14,861.0,33.5,0,0
8,5.94,84.5,3.2,2.4,28,333.0,33.7,0,0
10,5.15,19.0,11.3,20.1,38,530.0,34.4,0,0
8,7.07,107.7,18.9,2.5,32,393.0,26.3,0,0
8,8.91,64.3,0.1,0.4,31,387.0,26.7,0,0
10,3.12,70.5,4.8,0.5,5,214.0,21.7,0,1
8,6.71,145.7,18.8,4.5,37,507.0,26.3,0,0
12,6.21,190.3,3.4,4.6,8,772.0,26.5,0,0
12,7.71,17.6,2.3,2.7,11,92.0,24.9,0,0
12,6.88,5.4,11.4,2.8,13,806.0,24.9,0,0
8,5.15,775.9,17.2,0.3,20,616.0,19.5,0,0
8,5.93,39.7,9.5,3.6,9,574.0,21.3,0,0
12,5.07,8.3,19.9,3.5,38,582.0,28.2,0,0
8,8.44,31.6,13.6,0.8,27,302.0,28.4,0,0
12,6.54,6.0,1.5,0.5,29,403.0,30.4,0,0
12,9.92,74.6,19.9,0.7,17,729.0,26.7,1,0
12,6.39,243.2,8.2,0.5,28,310.0,28.1,0,0
8,5.22,62.6,5.7,4.7,15,450.0,34.3,0,0
8,3.78,88.1,11.2,1.1,21,67.0,27.7,0,0
12,3.25,168.9,6.1,1.4,17,674.0,24.8,0,0
8,3.65,106.7,1.7,1.0,31,405.0,22.0,1,1
8,6.98,296.5,0.0,15.8,24,497.0,32.0,1,0
10,7.42,301.5,9.0,9.6,37,147.0,19.5,1,0
12,3.65,1.5,16.7,1.3,36,893.0,23.8,0,1
10,8.11,225.8,11.4,2.0,12,307.0,30.1,0,0
10,5.63,92.6,20.0,1.2,33,590.0,18.5,0,0
8,6.76,674.3,5.7,3.4,23,544.0,24.9,1,1
10,9.4,99.0,5.6,0.1,10,717.0,28.6,0,0
12,8.11,650.2,3.2,5.6,25,300.0,26.1,0,1
8,6.02,210.7,3.3,3.7,26,693.0,23.1,0,0
10,4.9,42.9,5.7,11.4,14,375.0,25.0,1,0
12,2.63,116.0,15.9,0.9,14,399.0,32.1,0,1
10,5.21,726.8,18.1,8.2,33,622.0,37.2,0,1
10,6.12,292.3,19.5,7.9,20,717.0,28.7,0,1
10,4.72,15.4,4.6,0.7,5,617.0,18.1,2,0
8,6.26,183.8,17.6,2.5,21,815.0,30.8,0,0
8,6.64,63.6,6.6,0.9,34,292.0,26.0,1,0
12,6.1,1.1,2.3,1.5,30,816.0,22.5,0,0
12,5.33,77.5,17.4,1.5,23,161.0,24.0,0,0
12,6.8,40.1,12.7,4.1,25,611.0,24.2,0,1
12,7.3,256.3,3.3,2.7,21,515.0,20.9,0,0
10,4.54,61.7,8.6,14.8,25,470.0,27.7,1,0
10,9.04,263.6,5.7,0.7,23,314.0,37.1,0,0
10,6.32,0.1,14.7,18.2,11,478.0,22.5,0,0
10,6.53,55.2,9.1,1.3,21,188.0,37.0,1,0
10,7.77,41.4,19.8,7.4,5,364.0,29.0,0,0
10,6.92,39.9,1.1,2.1,10,134.0,27.5,0,0
12,8.22,10.6,7.1,0.8,30,536.0,26.4,1,0
8,7.02,31.1,9.6,9.8,6,131.0,24.0,0,0
8,5.4,121.6,10.1,1.8,36,186.0,29.5,0,0
8,7.15,51.7,6.3,5.4,9,123.0,30.6,0,0
10,4.44,81.0,14.6,4.2,35,374.0,15.9,1,0
8,6.7,70.9,17.5,3.2,16,766.0,40.7,0,0
8,6.44,313.0,18.8,3.4,39,821.0,18.9,0,0
10,6.13,353.6,16.1,6.6,34,111.0,25.4,0,1
8,6.27,101.9,17.0,0.5,10,589.0,15.2,0,0
10,3.11,60.1,11.0,5.5,19,632.0,26.7,1,0
8,5.51,16.9,16.5,11.3,19,504.0,25.7,0,0
8,6.67,459.9,6.1,0.3,20,617.0,25.4,1,0
12,6.79,9.3,8.0,0.8,24,249.0,29.5,0,0
8,4.65,53.0,6.3,6.3,17,466.0,26.8,0,0
8,8.78,53.1,9.3,2.9,35,382.0,30.7,1,0
10,4.94,57.9,5.7,2.6,38,126.0,21.8,1,0
10,8.25,26.9,19.2,0.7,33,582.0,28.4,0,0
8,7.27,229.3,6.3,3.5,7,471.0,24.8,0,0
10,5.34,19.6,2.0,0.7,13,284.0,26.1,1,0
8,9.7,151.1,10.5,3.2,15,453.0,29.4,0,0
8,4.35,19.8,1.1,7.2,15,709.0,25.5,1,0
10,8.15,11.0,2.2,1.5,29,731.0,27.5,0,0
10,8.3,360.2,4.4,3.3,26,602.0,22.2,0,0
10,5.29,31.6,9.3,24.2,13,448.0,33.5,0,0
10,9.01,258.3,8.7,5.8,24,539.0,31.6,0,0
12,6.05,118.0,16.0,9.2,25,377.0,28.5,0,0
10,7.02,12.2,14.8,2.7,14,158.0,26.8,0,1
8,6.97,466.7,8.5,7.3,26,378.0,27.5,0,0
10,6.26,42.5,6.7,0.2,33,501.0,33.4,0,0
8,7.96,294.5,6.3,0.7,13,559.0,31.3,0,0
8,7.93,27.7,15.5,1.1,9,845.0,33.5,0,0
8,3.35,288.6,1.0,2.6,15,711.0,26.3,0,0
8,8.85,2.0,0.3,9.3,5,179.0,30.4,0,0
12,3.51,107.5,15.9,2.1,5,198.0,33.9,2,1
12,8.36,220.1,9.5,5.3,9,135.0,23.4,0,0
10,8.53,409.5,2.6,6.2,26,677.0,23.1,0,0
8,4.54,359.9,4.7,4.4,30,650.0,29.4,0,0
8,5.76,256.9,18.7,2.2,10,888.0,21.8,1,0
8,4.51,328.6,17.2,4.3,36,494.0,18.9,0,0
8,6.11,33.3,14.2,2.1,15,752.0,33.9,1,0
10,5.95,50.1,9.6,0.4,14,540.0,34.7,0,0
10,7.9,51.2,10.4,24.7,38,793.0,22.1,0,0
10,8.86,71.0,19.5,0.7,35,663.0,20.8,0,0
8,9.01,75.0,19.3,0.4,16,596.0,24.7,0,0
12,5.49,118.0,4.3,10.5,20,530.0,34.3,1,0
10,6.12,26.1,16.2,1.8,7,665.0,25.9,0,0
10,3.47,176.3,3.9,5.3,6,407.0,28.5,1,0
10,5.05,27.5,4.3,2.0,9,132.0,29.6,0,0
8,8.24,55.7,13.5,2.5,15,84.0,28.9,0,0
8,9.41,105.0,8.1,1.5,29,457.0,35.5,0,0
8,4.28,238.8,18.6,2.1,39,559.0,24.4,0,0
10,5.43,201.8,1.8,2.6,39,117.0,27.5,1,0
8,6.45,155.6,10.2,6.4,26,294.0,29.2,0,0
8,7.0,25.4,18.4,3.6,26,324.0,27.8,0,0
8,5.04,118.8,18.1,14.4,15,528.0,21.9,1,1
8,7.26,13.7,3.1,0.2,36,287.0,20.6,1,0
12,5.65,71.1,7.3,3.5,39,131.0,20.5,2,1
10,6.47,80.0,12.4,4.4,35,190.0,31.6,0,0
8,7.48,6.1,3.2,12.6,12,198.0,23.9,0,0
8,6.51,48.0,19.4,0.3,24,766.0,30.3,0,0
8,5.71,467.3,18.3,4.3,38,292.0,28.4,0,1
8,6.3,460.7,3.3,9.6,8,657.0,23.1,1,0
8,6.34,65.2,2.4,1.4,22,533.0,23.3,0,0
8,5.83,6.6,1.7,10.4,8,880.0,28.7,0,0
8,6.03,29.6,18.2,0.1,24,282.0,28.4,0,0
10,9.38,74.7,3.9,6.6,13,185.0,30.5,0,0
10,7.51,442.8,8.3,13.5,20,94.0,25.7,0,0
8,5.97,22.8,9.0,5.4,30,255.0,23.8,1,0
8,7.75,216.3,12.0,2.9,29,631.0,28.5,1,1
10,5.9,17.3,1.4,0.2,8,122.0,35.1,1,0
10,8.61,596.5,4.5,12.6,23,258.0,18.6,0,0
12,7.17,72.1,18.6,3.2,18,777.0,24.0,0,0
10,6.31,223.9,18.2,0.1,25,546.0,31.0,0,1
8,7.31,62.9,15.6,5.9,19,109.0,29.1,0,0
8,3.67,148.2,0.4,3.3,7,91.0,31.0,1,0
10,4.47,32.0,6.5,0.7,20,102.0,25.9,0,0
8,4.35,23.7,12.6,1.2,18,851.0,19.9,0,0
10,6.76,417.2,5.5,0.3,13,772.0,36.4,0,0
12,9.62,374.5,18.2,4.3,11,768.0,33.4,0,1
10,10.52,327.7,12.7,4.9,18,836.0,27.9,1,0
8,7.65,147.3,1.4,3.5,10,479.0,23.8,0,0
10,7.4,247.7,18.2,8.5,25,260.0,25.5,0,0
8,3.26,10.7,19.2,9.9,19,391.0,29.1,1,0
10,5.52,61.1,1.6,4.8,12,661.0,26.7,0,1
12,5.08,56.5,10.6,0.1,38,795.0,27.9,0,0
8,5.38,151.4,6.1,5.9,5,420.0,36.1,1,0
12,6.2,66.0,7.9,2.7,36,505.0,32.6,0,0
12,5.65,24.1,3.6,4.2,9,842.0,22.1,1,0
8,2.94,136.1,11.6,5.2,34,141.0,28.4,0,0
8,7.85,252.6,19.2,2.2,26,783.0,25.4,0,0
8,4.57,72.2,10.1,12.5,24,185.0,29.5,0,0
8,6.93,21.3,1.7,0.7,20,461.0,27.7,0,0
8,10.23,32.9,12.4,5.6,11,236.0,42.8,2,0
10,4.85,40.7,6.8,0.0,11,563.0,30.1,0,0
8,1.95,53.5,17.1,12.9,6,525.0,27.3,0,0
8,5.99,154.4,8.7,0.6,18,373.0,37.2,0,0
12,8.48,137.8,3.9,0.5,35,784.0,29.0,0,0
8,10.03,178.6,3.8,2.0,18,611.0,20.4,0,0
12,4.29,67.5,15.4,2.3,9,663.0,27.4,0,0
8,7.39,260.6,5.3,1.2,15,178.0,31.1,0,0
8,5.66,34.2,15.3,4.4,9,801.0,30.4,0,0
10,6.31,95.0,4.1,2.9,33,192.0,33.0,1,0
10,11.26,242.1,6.4,0.2,15,239.0,28.8,0,0
12,3.79,29.8,9.3,1.9,9,159.0,28.4,0,0
10,6.96,17.5,18.9,8.3,36,424.0,21.0,0,0
12,7.34,322.7,18.6,5.9,19,805.0,35.6,0,0
8,8.45,63.0,4.1,6.5,23,265.0,26.5,0,0
8,6.68,172.7,7.2,6.0,26,368.0,23.1,0,0
10,7.05,3.9,3.0,1.9,38,769.0,41.1,0,0
12,5.8,175.7,10.2,0.5,21,575.0,36.4,1,0
12,6.98,57.0,9.2,1.6,16,689.0,25.8,0,0
8,5.88,8.6,18.0,8.9,29,232.0,18.6,0,0
8,7.62,141.2,18.6,19.7,21,659.0,24.4,0,0
10,5.83,41.3,7.7,3.4,14,243.0,35.9,1,0
8,7.18,73.4,9.8,0.0,32,889.0,28.9,0,0
12,6.45,12.6,17.9,0.8,22,526.0,21.3,0,0
12,8.53,23.9,16.1,1.9,22,641.0,31.9,1,0
8,6.41,53.1,0.1,4.3,36,151.0,27.0,1,1
10,3.31,14.1,6.4,0.4,18,263.0,24.8,2,0
10,8.77,362.6,8.4,14.4,20,169.0,25.1,0,0
8,4.87,0.9,4.6,2.3,22,382.0,34.5,0,0
12,5.32,99.2,4.0,12.2,20,292.0,30.7,0,0
10,5.43,19.7,0.8,7.6,21,673.0,20.6,0,0
12,8.97,55.2,12.9,7.0,11,142.0,29.8,0,0
8,2.66,390.7,5.3,4.7,16,689.0,28.5,1,1
12,12.0,26.5,1.0,4.9,38,89.0,25.9,0,0
8,8.4,506.5,4.6,5.1,14,222.0,26.2,0,0
8,6.9,34.6,16.0,5.0,9,723.0,23.7,0,0
12,6.4,203.0,17.0,4.0,25,681.0,24.7,1,0
8,7.01,118.7,9.7,21.5,7,455.0,29.4,1,0
8,7.44,323.7,8.3,6.6,23,92.0,26.6,0,1
12,7.66,121.1,19.6,7.5,39,568.0,30.7,0,0
12,7.5,114.7,4.0,10.3,10,396.0,24.1,0,0
10,6.66,32.6,4.3,1.2,18,319.0,31.5,0,0
10,6.14,27.3,5.8,0.4,8,594.0,34.6,0,0
8,6.23,372.4,3.5,3.3,22,421.0,28.0,1,1
8,6.15,59.6,7.6,3.6,33,129.0,30.6,0,0
8,8.54,69.8,18.2,8.8,39,829.0,30.8,1,0
10,7.57,214.0,12.3,2.9,20,712.0,25.5,0,0
10,1.5,62.1,8.2,4.2,24,98.0,30.8,0,1
10,7.68,455.7,18.7,3.7,28,496.0,16.7,1,1
10,6.85,200.9,1.0,0.2,39,121.0,14.7,1,0
8,6.47,136.5,4.2,4.8,23,762.0,26.4,1,0
8,5.8,319.2,11.3,8.8,8,571.0,31.2,0,0
8,8.52,7.6,12.3,0.9,37,197.0,27.6,0,0
10,8.21,44.6,0.8,4.5,6,68.0,31.7,0,0
8,5.11,93.8,8.1,4.5,17,77.0,22.0,0,0
12,7.23,38.6,13.0,0.9,34,481.0,32.4,0,0
8,4.75,204.3,14.0,0.7,38,674.0,36.1,0,1
8,4.02,377.4,12.8,19.6,34,153.0,24.5,0,0
8,5.37,82.7,6.4,2.5,28,238.0,31.9,0,0
10,8.05,62.8,1.9,1.3,37,328.0,28.1,0,0
10,8.22,488.8,8.5,0.9,14,235.0,30.2,0,0
8,7.42,88.3,2.6,5.5,22,383.0,36.1,2,1
8,7.81,100.7,19.0,4.7,23,526.0,29.6,1,0
10,7.43,65.0,9.5,5.2,11,632.0,31.8,1,0
8,5.35,360.4,6.3,0.5,23,869.0,21.7,0,0
12,7.28,126.2,15.3,11.2,28,841.0,31.7,0,0
10,7.94,215.4,10.0,2.5,19,535.0,36.1,0,0
8,7.86,250.5,6.2,1.9,27,674.0,23.4,0,0
8,8.64,62.7,16.2,3.1,8,858.0,26.4,0,0
12,7.77,85.3,17.3,2.5,8,121.0,31.4,0,0
8,7.13,283.0,13.5,10.0,9,55.0,30.2,1,0
8,8.43,67.7,0.9,13.2,27,75.0,21.2,0,0
12,6.45,236.9,11.3,1.8,15,529.0,28.8,1,0
12,4.91,424.5,15.3,10.0,15,698.0,26.3,1,1
12,6.21,146.4,2.7,7.6,17,362.0,23.2,0,0
10,5.16,203.0,4.6,13.4,18,513.0,34.8,0,0
8,5.28,245.3,17.6,1.4,12,489.0,28.0,0,1
8,6.24,279.7,0.4,4.3,29,131.0,32.9,0,0
10,5.07,75.4,15.1,1.6,22,323.0,22.1,0,1
10,5.95,7.9,9.5,8.7,22,67.0,30.9,0,0
8,3.09,77.1,8.9,0.0,14,144.0,33.3,0,0
12,6.88,168.0,0.1,4.2,11,740.0,26.8,0,0
8,6.5,89.8,16.4,2.1,18,755.0,25.5,0,0
8,5.03,207.3,7.2,1.9,19,732.0,21.5,1,0
8,7.69,66.2,10.8,5.2,20,668.0,23.7,1,0
8,8.19,151.1,13.5,9.5,6,724.0,25.7,1,0
8,3.61,30.9,14.1,4.7,34,620.0,23.1,0,0
8,5.13,207.6,19.1,9.6,34,619.0,24.2,0,1
8,5.12,118.3,10.6,1.5,22,617.0,28.8,0,0
10,4.81,34.2,8.0,3.7,35,487.0,29.4,0,0
10,7.99,51.8,19.1,3.0,17,359.0,33.5,0,1
10,6.15,207.1,12.8,0.1,24,671.0,24.2,0,1
12,6.02,98.8,6.0,4.1,39,304.0,28.1,0,0
8,2.89,36.5,2.5,5.4,27,511.0,25.9,0,0
8,7.64,512.9,16.9,4.5,37,418.0,25.6,0,0
12,4.27,188.4,7.2,6.7,39,285.0,26.4,0,0
8,6.61,472.5,13.2,4.2,24,878.0,27.0,1,1
12,7.0,83.6,9.4,0.3,7,270.0,29.3,1,0
8,8.95,96.7,4.0,0.6,12,313.0,26.3,0,0
12,4.14,342.4,12.0,4.5,36,187.0,34.1,0,0
8,1.5,111.7,1.2,1.6,33,750.0,19.5,0,0
12,6.83,184.3,8.3,0.4,11,549.0,33.3,1,1
10,9.74,43.6,10.9,2.8,6,571.0,26.2,0,0
12,8.73,88.8,8.7,4.0,25,747.0,27.1,0,0
8,6.88,19.8,15.0,2.0,10,341.0,28.0,0,1
10,5.62,34.6,16.6,6.4,32,215.0,31.5,0,0
12,7.95,0.1,15.4,5.2,36,219.0,23.6,0,0
10,4.75,6.0,0.8,2.0,13,673.0,24.7,0,1
10,7.36,567.7,3.9,7.0,15,572.0,30.5,0,1
10,7.41,41.6,10.7,5.2,27,225.0,19.5,0,0
8,8.41,163.3,18.7,5.1,15,173.0,27.8,1,0
10,11.47,274.0,16.7,4.0,6,153.0,24.0,0,0
10,7.21,120.0,16.9,0.1,7,584.0,23.0,0,0
12,5.58,24.9,6.1,6.0,15,50.0,19.8,0,0
8,6.45,195.4,8.6,2.4,39,66.0,31.9,1,1
8,3.32,137.5,9.4,14.3,19,381.0,28.8,0,0
12,5.25,197.1,3.1,8.5,15,638.0,24.6,0,0
12,5.76,220.3,0.6,4.4,35,641.0,27.2,0,0
8,5.56,555.8,18.9,1.5,32,416.0,22.5,1,1
10,6.77,127.8,4.8,1.1,32,637.0,25.3,1,0
8,5.02,62.7,4.8,2.1,36,493.0,27.0,0,0
8,8.52,156.8,1.7,3.2,29,880.0,28.3,2,0
8,6.5,10.6,18.6,1.8,24,188.0,30.0,1,0
8,6.48,341.5,11.6,3.6,32,561.0,19.0,2,0
10,5.91,19.1,13.3,0.9,29,468.0,30.0,1,0
8,6.78,59.6,18.2,19.0,15,215.0,19.4,0,0
12,7.99,253.7,6.9,0.6,23,687.0,30.2,0,0
12,4.94,136.4,12.4,13.4,32,284.0,26.9,0,0
10,5.32,75.0,0.8,12.2,5,374.0,33.5,1,0
10,5.95,96.2,3.7,3.7,9,369.0,24.6,0,0
8,4.08,289.2,16.6,6.5,14,258.0,31.9,0,1
12,5.03,62.3,15.3,2.9,38,416.0,22.2,0,0
10,5.64,305.6,7.0,5.0,6,452.0,28.5,0,1
8,8.07,13.8,7.5,2.1,22,683.0,17.8,0,0
12,6.97,225.0,10.7,1.8,17,700.0,32.4,0,0
12,6.85,282.1,0.0,4.3,9,185.0,36.6,1,1
12,8.03,30.1,4.8,3.4,24,554.0,24.5,1,0
10,6.25,84.4,4.2,4.3,6,812.0,28.6,1,1
10,7.2,27.1,5.0,1.7,15,142.0,30.2,0,0
8,6.31,183.9,16.1,2.3,34,452.0,20.2,0,0
12,6.98,115.0,5.6,0.4,36,688.0,24.3,0,1
12,5.45,151.3,3.8,0.3,36,570.0,23.9,0,0
8,2.11,32.8,10.1,1.5,32,135.0,40.0,0,0
8,6.26,35.7,17.3,0.4,14,387.0,33.2,1,0
8,9.06,6.4,4.8,0.5,26,481.0,26.9,1,1
12,8.17,58.3,1.6,8.4,21,896.0,31.9,1,0
12,8.24,123.1,7.1,0.2,26,202.0,29.1,0,0
8,8.73,292.7,15.0,5.4,23,885.0,31.0,0,0
10,6.66,164.9,11.0,1.6,21,370.0,22.7,1,0
8,6.86,85.7,16.3,10.3,28,220.0,34.9,0,0
12,5.39,459.0,19.2,3.3,36,402.0,24.2,0,0
12,5.93,190.5,15.9,1.8,32,572.0,24.4,0,1
12,7.61,399.2,12.1,3.6,18,231.0,31.0,0,0
8,8.67,112.5,9.9,2.4,10,298.0,29.7,0,0
8,6.25,44.9,0.8,4.2,13,776.0,28.1,1,0
8,5.69,8.1,19.7,0.6,25,899.0,32.2,1,0
8,6.5,194.2,7.7,29.0,16,320.0,22.2,0,1
12,7.58,19.4,3.0,2.8,34,177.0,37.2,1,0
12,3.9,54.1,13.3,2.1,35,724.0,25.5,0,0
12,2.37,114.0,5.7,6.2,8,560.0,27.6,1,0
12,5.51,124.7,11.7,2.3,35,135.0,37.3,0,0
10,4.3,137.7,11.7,9.0,31,855.0,24.5,0,0
10,5.59,27.3,8.9,3.0,29,116.0,33.1,0,0
12,6.23,71.6,16.7,6.4,9,582.0,26.9,0,0
12,5.68,144.0,5.3,0.6,10,410.0,23.8,0,0
8,9.11,525.1,9.0,9.4,9,523.0,26.1,0,0
8,7.09,195.1,10.8,6.7,31,231.0,30.8,1,0
8,7.04,383.8,13.3,1.2,12,635.0,33.1,0,0
12,7.62,215.5,15.7,0.8,13,866.0,29.1,0,0
10,4.45,134.4,7.9,1.9,19,440.0,20.0,2,0
8,8.37,32.0,12.9,18.7,11,495.0,31.2,1,0
10,6.36,164.8,3.0,1.5,36,254.0,27.3,0,0
10,7.71,146.5,18.7,3.0,12,808.0,22.5,0,0
8,4.57,138.4,7.7,0.2,19,875.0,29.7,0,0
8,3.7,100.9,14.6,2.5,23,718.0,33.7,0,0
10,7.97,112.8,0.4,4.2,10,511.0,28.0,0,0
10,7.18,61.1,4.1,15.3,23,863.0,32.6,0,0
10,4.88,109.9,9.7,3.6,32,181.0,30.3,1,0
10,4.93,33.0,17.6,8.5,21,457.0,30.4,0,0
12,8.53,245.3,10.5,4.0,23,507.0,26.5,0,0
10,4.36,30.8,18.6,0.2,35,468.0,32.1,0,0
10,9.46,13.3,9.7,1.9,15,732.0,32.6,0,0
12,4.88,86.0,9.8,4.3,19,620.0,32.0,0,0
8,7.65,161.1,2.4,15.0,14,158.0,26.4,0,0
8,5.91,86.4,16.1,9.8,27,344.0,32.9,0,0
8,7.59,48.6,4.9,1.3,7,338.0,29.9,0,0
10,5.52,122.5,18.0,1.2,7,531.0,23.1,1,0
10,6.21,63.9,18.2,1.1,22,298.0,26.1,0,1
10,6.57,405.2,18.9,12.8,29,150.0,25.3,1,0
8,4.7,383.9,10.4,9.6,24,606.0,18.1,0,0
8,7.83,104.7,13.5,7.5,33,773.0,33.0,2,1
8,5.58,59.6,15.6,2.5,26,842.0,43.5,1,1
8,6.09,200.4,2.6,3.5,19,877.0,34.0,0,1
10,4.71,5.6,12.0,3.1,14,714.0,28.8,0,0
8,1.89,96.6,0.7,1.5,25,169.0,25.4,0,0
8,6.16,61.5,10.0,3.5,33,775.0,23.4,0,0
12,10.84,379.9,3.1,0.2,36,390.0,28.8,0,0
8,7.91,1.8,3.7,0.7,14,670.0,32.8,1,0
10,6.47,120.7,7.3,10.9,17,502.0,24.6,0,0
10,6.03,202.4,8.6,7.0,27,754.0,40.8,0,0
8,6.54,99.5,12.5,2.7,27,412.0,21.1,0,0
10,7.48,13.4,1.5,3.6,35,103.0,29.1,0,0
12,4.37,538.8,10.1,2.3,8,523.0,28.4,0,0
12,8.51,109.5,3.7,6.8,7,196.0,28.0,0,0
8,7.79,142.9,11.5,7.7,25,871.0,25.2,0,1
12,7.79,40.5,12.7,7.2,6,498.0,28.4,0,0
8,7.29,99.1,11.1,6.4,8,521.0,25.8,0,0
8,6.54,84.1,14.8,1.1,5,821.0,34.4,0,1
8,7.71,11.7,6.7,2.1,19,581.0,36.1,0,0
12,7.57,16.8,15.3,3.2,37,307.0,26.1,0,0
8,5.86,272.5,8.7,2.0,10,302.0,19.8,1,0
8,5.47,41.1,9.7,7.0,11,476.0,29.6,0,0
10,6.68,32.5,13.0,2.0,23,787.0,29.4,0,0
8,9.29,105.5,0.4,0.7,5,726.0,28.5,0,0
8,4.27,219.6,13.1,2.5,23,868.0,30.7,1,1
8,3.86,9.6,12.4,19.5,30,111.0,34.9,1,0
8,6.8,129.0,6.2,1.3,16,278.0,32.2,0,0
8,6.59,19.0,1.7,4.7,26,118.0,30.7,1,0
8,6.81,5.6,1.8,2.8,17,688.0,31.8,1,0
10,6.94,8.1,18.5,0.4,32,170.0,29.3,0,0
8,6.1,269.5,13.8,3.3,18,135.0,23.3,1,0
8,9.18,18.8,2.5,6.1,26,527.0,35.3,1,0
12,3.62,6.9,7.1,3.6,34,400.0,28.5,2,0
8,5.01,86.4,11.8,10.3,24,658.0,23.3,0,0
10,6.31,278.7,16.7,1.7,31,464.0,22.4,0,0
8,3.54,45.7,0.9,0.5,38,412.0,23.4,0,0
8,6.18,82.2,4.7,13.8,5,412.0,21.8,0,0
8,9.49,6.1,17.8,2.4,19,791.0,31.3,0,0
8,6.54,89.4,0.2,4.3,36,386.0,27.1,2,0
8,6.92,129.3,4.0,7.9,12,333.0,31.9,0,0
8,4.23,126.9,19.2,2.0,37,338.0,33.8,2,1
8,5.39,60.6,12.3,6.3,22,217.0,32.6,0,0
8,5.82,56.9,5.2,0.7,33,782.0,31.2,1,0
8,5.93,16.9,1.3,1.7,36,175.0,29.4,3,0
8,8.81,68.5,0.6,0.8,37,822.0,27.0,1,0
8,7.5,15.7,4.9,8.3,9,291.0,27.4,0,0
10,4.5,218.2,17.6,1.3,22,815.0,30.9,1,0
10,6.94,508.4,8.3,6.3,14,722.0,23.2,0,0
8,7.4,526.4,14.4,14.3,37,545.0,27.7,1,0
10,8.55,300.5,18.4,3.8,27,619.0,24.3,1,0
10,9.34,137.7,8.2,3.9,9,327.0,33.9,1,0
8,4.67,181.0,3.8,3.1,38,538.0,31.6,1,0
12,5.04,50.4,10.3,2.0,28,299.0,38.7,1,1
12,4.24,149.5,18.2,3.2,21,392.0,24.2,1,0
8,6.08,91.2,16.1,4.6,35,700.0,24.7,0,1
8,7.34,98.7,1.3,21.3,11,257.0,28.3,0,0
12,8.28,212.7,13.9,13.9,21,763.0,24.4,1,0
10,6.36,49.7,11.4,9.9,32,370.0,30.7,0,0
8,5.92,57.4,18.1,11.0,26,502.0,27.7,0,0
8,6.77,387.8,2.4,3.2,19,851.0,25.6,1,0
8,5.0,8.7,10.7,5.4,19,629.0,33.4,0,0
8,10.26,99.7,17.6,11.3,29,599.0,18.8,0,0
10,3.61,365.9,8.2,2.5,25,655.0,30.7,1,1
8,6.83,141.4,9.6,16.3,6,830.0,25.2,2,0
8,10.14,118.6,1.4,2.7,31,261.0,32.1,0,0
10,6.51,43.1,5.6,4.6,36,571.0,33.3,1,0
8,6.16,63.1,6.5,6.2,25,390.0,16.6,1,0
8,5.86,286.6,18.9,15.0,8,60.0,26.9,0,0
10,6.18,122.9,5.7,1.4,23,157.0,28.3,0,0
12,8.97,108.5,9.2,6.9,6,326.0,16.2,0,0
10,2.52,15.7,13.4,3.7,30,530.0,29.1,0,0
10,9.26,2.4,3.2,1.6,38,799.0,25.4,0,0
8,3.94,497.3,9.7,7.5,18,722.0,22.0,0,0
8,6.02,71.0,14.8,4.0,19,520.0,24.7,0,0
10,5.73,138.7,17.3,5.4,24,113.0,23.9,0,0
8,7.56,12.5,12.5,1.9,38,293.0,25.1,0,0
8,3.62,172.4,13.4,3.3,23,362.0,28.9,1,0
8,7.33,404.5,2.5,4.8,13,578.0,32.9,0,0
8,10.14,128.6,18.9,2.6,11,105.0,27.6,0,0
8,4.05,20.2,2.7,1.1,34,501.0,33.5,0,0
8,6.84,130.7,15.5,16.3,17,816.0,22.8,0,0
8,5.31,218.1,5.3,3.6,31,650.0,28.8,0,0
8,7.27,78.2,18.7,6.6,39,728.0,38.5,0,0
12,6.53,317.8,14.4,2.6,17,629.0,20.0,1,0
10,5.35,156.9,15.1,2.2,19,226.0,19.9,0,1
10,7.38,344.3,4.4,2.6,13,144.0,34.4,1,1
10,9.75,146.5,8.9,2.6,27,755.0,29.1,1,0
8,6.16,21.1,12.4,3.9,7,641.0,25.0,0,0
8,7.8,55.6,15.4,3.9,38,539.0,22.4,0,0
10,4.17,33.8,2.1,3.4,23,211.0,27.8,1,0
10,4.78,359.2,19.2,0.7,32,563.0,28.7,0,0
10,7.35,214.3,17.8,3.4,27,77.0,28.7,0,0
8,9.17,169.2,5.4,0.9,11,151.0,22.3,0,0
8,7.14,53.7,16.5,0.7,16,315.0,26.3,1,0
8,5.94,30.5,10.4,13.5,18,427.0,25.2,1,0
8,6.5,211.9,9.2,4.6,19,152.0,31.2,1,0
10,4.25,96.4,6.3,5.4,7,152.0,22.6,1,0
10,7.59,38.4,11.6,2.6,19,667.0,28.4,1,0
8,8.09,143.8,14.6,12.0,28,534.0,41.2,0,0
12,5.69,6.2,8.2,5.1,12,504.0,22.3,1,0
10,5.65,59.2,12.6,7.3,9,435.0,24.3,1,0
8,6.98,94.8,14.0,2.3,8,880.0,27.5,0,0
8,5.71,24.0,14.2,16.1,18,92.0,13.3,1,0
8,6.38,626.5,1.0,8.6,20,204.0,20.9,0,1
8,10.28,35.2,17.2,9.6,24,600.0,29.6,1,1
8,6.06,21.0,9.2,0.9,28,166.0,27.1,0,0
8,5.85,34.1,5.2,1.6,10,551.0,33.3,0,0
8,5.33,219.8,4.8,1.7,35,533.0,26.8,3,0
8,7.84,83.1,9.7,1.6,10,875.0,26.4,0,0
12,6.17,125.0,17.7,9.7,39,801.0,24.5,0,0
8,5.33,3.2,7.6,0.2,19,854.0,26.3,0,0
10,8.88,5.3,15.0,0.4,33,147.0,21.9,0,0
8,9.06,88.5,1.9,1.6,7,788.0,27.3,0,0
12,5.42,254.5,9.5,1.1,15,160.0,23.1,2,0
8,3.14,324.7,19.8,1.3,7,588.0,21.9,2,0
8,8.31,13.6,15.4,8.0,32,662.0,24.8,0,0
12,5.27,115.9,4.2,4.1,14,187.0,30.3,0,0
12,7.92,366.7,10.0,0.0,37,588.0,28.7,0,0
12,2.95,73.6,4.7,2.8,20,95.0,31.3,0,0
8,8.11,265.4,8.2,2.6,14,299.0,23.4,0,0
8,4.32,21.5,15.6,0.6,37,833.0,27.9,1,0
10,7.82,410.9,15.4,5.6,7,196.0,36.5,0,1
12,6.53,208.8,4.6,6.1,9,105.0,35.0,0,0
10,4.78,425.4,18.4,6.4,16,427.0,21.6,0,1
10,5.77,169.3,11.9,6.5,17,773.0,23.0,0,0
8,7.74,67.7,7.6,0.0,28,115.0,36.5,0,0
10,6.69,417.5,10.0,15.4,36,352.0,30.3,1,0
8,7.55,48.4,12.1,8.4,20,815.0,27.0,1,0
8,10.06,60.6,11.2,11.7,36,150.0,26.5,0,0
8,3.68,181.0,9.7,0.1,25,314.0,29.1,0,0
10,9.41,217.4,10.1,13.6,16,712.0,29.2,2,0
8,6.69,397.6,3.5,8.3,25,512.0,25.3,0,0
8,4.88,34.4,16.3,9.1,25,757.0,27.2,0,0
10,4.11,239.9,10.8,0.5,10,145.0,25.2,1,1
8,6.16,201.2,2.6,6.7,13,832.0,28.8,0,0
10,8.16,9.9,15.3,16.1,5,845.0,24.3,0,0
8,6.27,73.5,18.6,5.7,16,182.0,21.7,0,0
8,9.22,49.9,18.9,4.2,18,79.0,35.4,1,0
10,3.89,54.5,7.4,14.6,10,891.0,27.7,0,0
8,6.48,610.7,2.7,2.9,5,460.0,36.5,0,0
8,4.25,154.4,10.4,4.6,26,536.0,18.3,0,0
8,7.15,189.7,2.3,3.2,38,574.0,20.8,0,0
8,8.1,563.4,18.7,13.5,15,721.0,30.3,1,0
12,5.74,71.0,3.7,0.4,7,740.0,27.7,0,0
8,1.81,242.8,5.1,3.5,10,215.0,22.2,0,0
12,6.86,85.5,8.1,5.8,10,251.0,33.7,1,0
8,7.29,305.5,7.7,7.8,24,795.0,23.7,1,0
10,7.23,29.9,15.9,4.4,25,747.0,34.0,1,1
10,8.72,442.6,9.1,12.0,6,575.0,27.6,0,0
10,4.57,37.0,3.4,14.2,30,895.0,22.7,0,0
8,7.72,59.2,5.3,0.3,35,675.0,24.7,2,0
8,8.65,211.7,10.2,2.6,30,233.0,34.9,1,1
8,3.3,75.1,2.9,0.1,36,770.0,26.5,0,0
12,7.08,140.6,12.2,2.0,14,403.0,32.9,2,0
12,5.59,88.2,11.3,3.8,27,81.0,35.0,0,0
12,6.35,203.4,14.3,12.1,10,323.0,27.6,0,0
8,7.13,38.9,18.8,9.4,27,699.0,26.9,0,0
10,5.62,9.0,18.2,0.7,32,866.0,26.0,0,0
12,5.28,53.5,18.9,0.5,34,285.0,29.8,0,0
8,6.56,96.5,4.9,4.4,18,260.0,35.5,0,0
8,4.54,27.6,2.6,3.8,36,529.0,21.9,1,0
10,4.55,65.7,6.0,1.5,38,740.0,29.1,2,0
10,7.72,76.6,17.9,11.5,26,685.0,28.9,1,0
12,4.43,8.9,19.4,13.1,35,526.0,19.0,1,0
8,7.7,131.3,17.2,2.6,11,587.0,23.6,1,0
10,7.33,323.6,2.2,11.1,25,256.0,24.6,0,0
8,3.39,24.7,18.9,2.4,20,418.0,31.8,0,1
8,5.28,136.6,8.5,6.7,24,267.0,32.7,0,0
8,8.65,163.9,0.2,3.2,23,802.0,18.6,0,0
12,4.73,81.5,8.8,0.7,36,146.0,31.2,0,0
10,5.66,181.1,0.9,13.2,19,628.0,30.5,1,0
10,7.33,79.3,10.9,3.0,9,271.0,30.9,0,0
8,7.91,105.4,6.8,6.6,15,454.0,28.8,0,0
12,6.05,1.1,9.5,2.3,19,305.0,32.8,0,0
8,5.42,176.5,12.3,0.1,33,325.0,33.9,0,0
12,9.06,162.4,17.4,0.5,8,271.0,19.8,0,0
8,9.63,5.9,13.2,3.4,27,690.0,27.8,1,1
8,8.26,68.9,8.7,5.9,19,361.0,26.7,1,0
8,6.65,579.7,16.4,2.0,7,667.0,25.1,1,0
8,5.05,81.9,18.1,5.9,36,438.0,25.7,0,0
10,5.01,104.6,2.4,6.0,14,515.0,28.9,0,0
10,7.44,361.1,10.6,6.1,26,512.0,21.5,1,0
8,7.25,189.5,5.7,3.4,18,879.0,31.4,1,0
12,9.02,130.9,0.9,12.3,21,362.0,26.2,0,0
8,7.67,239.8,13.4,3.4,25,227.0,32.4,0,0
10,3.79,299.7,17.3,3.0,19,825.0,24.9,0,1
12,8.39,91.6,3.3,1.1,19,199.0,24.6,1,0
10,4.7,96.7,16.2,1.8,5,759.0,23.3,0,0
8,5.81,73.2,17.1,0.2,28,178.0,24.9,0,0
12,6.95,510.4,18.3,5.0,16,610.0,24.0,0,1
10,10.09,179.2,5.3,1.4,14,178.0,30.2,0,0
8,12.0,13.0,18.1,1.8,35,835.0,33.2,0,0
8,7.59,298.1,6.4,7.4,15,530.0,29.9,0,0
10,6.17,98.3,11.0,2.0,20,330.0,27.6,0,0
10,7.46,10.7,1.0,1.4,13,169.0,30.4,0,0
10,8.1,119.7,0.9,0.9,18,366.0,27.8,0,0
12,5.92,81.0,14.4,7.5,23,649.0,28.1,1,0
10,9.73,315.3,8.9,0.7,35,377.0,26.5,3,1
8,6.91,34.2,5.1,3.0,13,259.0,32.2,0,0
8,7.4,262.7,3.8,3.5,30,541.0,15.2,0,0
8,7.7,122.4,13.4,5.8,12,405.0,17.3,0,0
10,7.26,8.4,0.0,5.0,28,191.0,33.1,0,0
8,8.01,535.5,16.1,8.3,12,181.0,27.0,1,0
10,5.39,107.8,1.6,0.2,23,651.0,32.6,0,1
10,5.5,51.6,3.8,1.8,34,878.0,25.0,0,0
12,4.52,95.1,7.7,1.6,26,248.0,36.4,0,0
8,7.29,292.6,9.7,0.8,13,707.0,27.3,0,0
12,7.9,54.6,7.1,1.7,8,124.0,30.2,1,0
8,7.32,32.1,6.4,1.9,12,374.0,25.8,2,0
12,9.51,20.7,19.3,3.7,5,481.0,23.5,0,0
8,6.49,53.0,12.8,5.4,32,278.0,19.3,1,0
8,7.7,227.2,0.5,2.4,10,500.0,31.9,0,0
10,4.53,95.7,8.6,6.4,15,800.0,30.0,1,1
8,5.8,38.7,17.5,2.0,9,853.0,28.5,0,0
8,7.75,27.3,6.0,1.7,28,135.0,22.3,0,0
10,8.03,60.7,1.9,3.9,22,281.0,35.1,0,0
10,5.97,421.8,15.2,0.1,24,882.0,28.5,0,1
10,6.37,63.0,12.1,0.4,32,280.0,31.5,0,0
10,3.77,665.0,11.4,2.7,17,639.0,28.0,0,1
10,5.86,99.6,1.1,14.3,9,265.0,22.6,0,0
8,8.1,29.6,2.8,6.4,34,353.0,33.0,2,0
8,7.54,332.7,12.5,0.5,5,213.0,30.3,0,0
8,7.4,92.5,4.2,9.4,26,778.0,27.1,0,0
12,6.59,185.5,10.1,6.6,22,800.0,30.2,0,0
10,6.51,617.6,10.9,4.7,9,302.0,32.1,1,1
8,5.31,7.7,5.7,8.6,35,750.0,31.3,0,0
8,7.76,15.3,19.0,2.6,10,355.0,19.4,0,0
12,7.26,191.2,16.8,1.3,31,134.0,20.5,2,0
8,7.39,49.7,14.4,3.6,29,694.0,31.7,0,0
10,5.55,30.6,1.6,4.0,33,557.0,24.5,0,1
10,2.62,6.0,2.1,3.9,32,283.0,22.8,0,0
10,8.47,3.3,9.9,4.2,20,265.0,29.9,0,0
8,5.64,223.4,3.2,14.9,16,879.0,22.6,1,0
12,4.95,21.7,19.6,11.6,24,783.0,25.6,2,0
12,7.75,94.6,3.2,10.4,22,738.0,32.3,1,1
10,5.79,139.7,9.7,8.1,38,159.0,20.4,0,0
10,8.41,83.9,7.3,14.4,27,692.0,21.2,0,0
12,7.61,4.1,12.8,0.5,31,232.0,19.9,0,0
10,7.73,229.5,2.6,1.5,21,881.0,23.7,1,0
8,4.04,1.6,8.6,3.4,25,94.0,28.4,0,0
10,8.68,215.3,5.5,9.4,35,349.0,24.9,0,0
10,6.97,335.7,17.8,3.5,7,414.0,35.5,0,1
8,5.84,85.1,0.8,6.9,21,751.0,30.3,0,0
10,6.76,115.0,18.3,0.7,30,701.0,27.9,0,0
12,3.3,97.2,16.7,1.5,27,369.0,34.3,0,1
12,7.24,73.9,6.0,6.6,10,531.0,21.3,0,0
8,4.65,327.6,15.8,0.9,32,760.0,32.3,0,0
8,4.07,336.6,0.6,2.2,12,65.0,26.8,1,1
12,3.76,61.4,19.3,1.5,12,732.0,25.7,2,0
12,8.5,143.2,10.5,2.2,23,855.0,31.1,0,0
8,5.37,392.4,6.1,6.2,33,77.0,25.9,0,0
12,9.26,490.8,7.3,2.3,27,89.0,28.9,2,0
12,5.54,106.7,1.3,4.1,36,343.0,27.5,0,0
10,3.43,90.4,19.8,0.5,14,125.0,29.5,0,1
10,4.49,49.0,0.8,8.2,31,457.0,25.5,0,0
8,8.72,478.7,13.1,2.3,5,669.0,32.6,0,1
8,6.22,23.1,8.9,5.2,33,532.0,17.8,1,0
8,5.51,130.1,19.0,6.5,7,217.0,31.2,1,0
12,6.79,49.8,4.9,1.2,35,607.0,18.5,0,0
8,7.4,49.1,10.6,10.8,15,632.0,24.2,1,0
8,8.51,77.9,9.6,4.8,26,843.0,30.6,0,0
8,9.11,1007.9,14.1,2.8,22,175.0,17.9,1,1
10,5.85,8.5,1.4,1.0,39,638.0,28.8,0,0
12,4.11,129.6,3.9,14.3,10,825.0,21.1,0,0
8,5.76,12.9,4.3,7.0,7,476.0,23.2,0,1
8,6.97,25.2,14.8,1.2,9,358.0,22.9,2,0
10,4.77,86.9,3.8,2.1,13,195.0,21.3,0,0
8,4.78,107.1,11.5,8.3,32,787.0,19.4,1,0
8,7.12,44.9,4.3,5.9,23,385.0,38.4,0,0
8,6.41,57.1,17.2,7.3,32,836.0,27.1,0,0
8,6.56,13.6,18.8,2.9,31,771.0,21.8,0,0
8,5.13,54.2,10.4,6.3,17,370.0,25.2,1,0
8,6.09,509.7,7.0,2.4,25,538.0,28.2,0,1
8,4.84,434.3,4.7,1.2,31,73.0,26.1,1,1
12,8.1,61.2,1.0,5.0,10,274.0,21.7,0,0
8,8.36,126.9,5.4,18.7,15,654.0,23.5,1,0
10,3.18,360.5,13.1,1.9,21,626.0,33.9,0,0
10,4.83,0.9,10.7,3.1,11,350.0,21.0,0,1
8,3.81,249.7,18.9,5.6,34,737.0,18.0,0,0
10,5.33,444.5,7.9,3.9,25,250.0,26.1,0,0
8,6.35,14.4,13.9,9.3,5,442.0,18.3,0,0
12,3.89,26.4,9.8,7.2,29,452.0,23.5,0,0
8,4.84,485.7,10.3,0.3,36,340.0,21.7,0,0
8,4.69,115.7,5.4,30.0,12,861.0,21.8,1,0
8,6.87,2.1,9.1,7.0,9,642.0,28.3,0,0
12,6.62,44.7,9.4,10.0,34,508.0,29.3,0,0
10,5.2,89.7,14.1,5.3,12,484.0,24.0,0,0
10,6.82,177.1,18.8,9.7,23,185.0,27.5,1,0
8,5.52,198.2,6.6,0.6,34,366.0,23.7,1,0
10,6.01,808.0,0.8,2.1,19,622.0,30.0,0,0
8,9.51,50.8,9.9,10.5,31,836.0,20.6,1,0
12,8.91,115.9,10.9,1.1,17,744.0,28.8,0,0
8,4.16,114.3,3.4,0.4,18,305.0,29.2,2,1
8,7.99,78.0,15.2,7.8,34,419.0,39.7,2,0
8,7.96,27.8,19.7,9.0,17,120.0,19.2,1,0
8,4.43,568.8,18.9,0.9,20,137.0,41.3,1,0
10,7.97,287.9,3.9,9.6,11,450.0,31.8,0,0
8,9.27,103.5,17.5,5.8,31,501.0,37.1,1,0
10,4.48,138.7,14.1,3.7,39,274.0,32.5,1,0
8,4.85,38.7,9.1,8.9,19,596.0,23.3,0,0
10,8.33,117.7,10.8,2.7,32,648.0,31.3,0,0
8,6.99,178.1,17.0,1.1,39,304.0,24.7,0,0
8,7.49,108.6,9.6,1.7,11,695.0,27.6,0,0
10,7.11,695.1,7.5,3.5,24,225.0,22.1,0,0
8,7.2,141.8,9.9,3.8,36,513.0,24.6,0,1
8,4.11,69.5,11.6,8.2,36,734.0,32.5,0,0
12,8.39,221.9,3.8,7.8,30,506.0,30.2,0,0
12,8.61,28.0,18.0,4.4,24,822.0,33.1,0,0
8,6.09,72.8,13.5,7.6,22,100.0,21.0,1,0
8,6.42,63.9,12.7,1.1,19,550.0,18.6,0,0
10,3.74,84.8,2.0,0.3,26,527.0,33.5,0,0
8,7.43,228.3,12.1,10.3,26,611.0,33.1,0,0
8,7.53,99.3,2.4,0.4,25,758.0,29.1,1,0
8,6.39,237.0,1.6,1.4,6,667.0,30.1,0,0
10,8.52,128.9,10.5,5.9,22,722.0,32.3,0,1
10,5.9,62.8,8.1,2.6,27,295.0,28.9,1,0
8,7.52,249.1,11.8,10.5,17,379.0,30.7,0,0
8,4.66,40.8,1.8,1.8,13,583.0,32.1,0,1
8,6.46,38.1,8.6,0.1,11,520.0,27.5,0,0
10,6.19,105.3,3.5,1.8,5,867.0,26.3,0,0
8,6.91,45.3,19.7,4.3,6,209.0,29.9,0,0
8,5.83,1.4,11.2,2.4,8,349.0,39.3,0,0
10,6.26,156.7,13.7,3.8,18,537.0,23.8,0,0
8,7.99,107.3,6.5,10.5,36,788.0,25.8,0,0
10,5.71,88.5,1.9,12.2,6,840.0,19.2,0,0
8,3.61,511.5,19.5,1.5,18,336.0,30.2,0,1
8,9.65,127.0,5.7,3.1,24,107.0,25.4,0,0
8,8.99,298.6,8.5,4.0,29,408.0,21.0,0,0
10,4.17,22.5,13.0,14.9,12,385.0,27.7,0,0
12,7.74,126.3,0.5,30.0,32,889.0,35.5,0,0
12,5.59,303.7,16.2,1.3,25,416.0,26.2,1,0
8,6.97,131.2,10.7,6.5,27,310.0,26.7,1,0
10,7.03,189.9,5.6,2.4,36,361.0,35.3,0,0
8,6.08,69.8,1.2,0.0,12,387.0,28.0,0,0
8,5.09,14.6,3.2,0.0,35,748.0,22.0,0,0
12,5.26,91.8,17.9,3.1,20,119.0,31.4,0,0
8,4.85,75.3,13.7,3.4,31,319.0,33.6,0,0
8,5.0,302.7,5.0,0.1,22,871.0,27.0,0,0
8,6.38,42.0,1.3,5.8,39,180.0,28.7,0,0
8,5.21,510.5,13.8,1.7,19,681.0,21.4,1,1
8,7.73,476.0,11.4,4.1,31,353.0,23.6,1,1
10,9.18,42.7,8.1,1.8,21,545.0,26.3,0,0
8,5.46,64.2,7.3,0.9,6,135.0,28.4,0,0
12,6.93,338.9,4.3,2.6,35,310.0,24.9,0,0
12,7.4,510.0,13.4,1.3,38,476.0,26.1,0,1
8,7.35,87.9,19.4,3.8,38,247.0,27.4,0,0
8,6.64,58.1,3.5,1.1,7,511.0,23.0,0,0
8,7.84,112.0,11.9,3.6,21,237.0,26.7,0,0
10,7.37,174.6,8.5,0.9,18,603.0,33.8,0,1
8,4.27,47.9,8.9,5.6,18,819.0,25.0,0,0
10,8.06,200.0,5.1,7.0,39,123.0,23.5,1,0
8,8.1,8.0,16.5,0.6,5,234.0,38.4,1,0
10,5.13,7.6,9.7,3.2,33,768.0,29.1,0,0
8,6.57,73.2,10.9,0.4,8,587.0,24.1,0,0
8,7.73,65.4,6.1,4.6,37,117.0,31.2,0,0
12,6.12,56.9,3.6,1.5,21,463.0,29.3,1,1
10,8.43,101.3,1.7,3.7,32,228.0,25.1,2,0
8,10.75,58.0,14.3,3.6,30,219.0,27.8,1,0
12,5.09,32.0,3.9,12.9,12,850.0,26.5,0,0
8,4.01,55.5,13.8,4.0,38,697.0,33.0,0,0
12,7.05,552.8,7.8,4.4,22,642.0,31.4,0,0
10,7.8,79.4,8.3,2.6,35,253.0,17.3,0,0
8,6.08,88.2,9.4,14.9,31,151.0,37.5,0,0
8,9.12,128.9,7.4,7.5,20,790.0,26.6,0,0
8,4.09,614.2,2.0,1.7,14,55.0,36.6,1,1
10,7.75,41.5,6.2,9.3,16,380.0,31.6,0,0
10,5.41,171.5,13.3,2.8,26,286.0,29.2,0,0
8,9.59,188.8,13.3,8.8,20,535.0,27.5,1,0
8,10.09,140.2,5.7,8.7,16,263.0,41.8,3,0
12,5.12,13.9,9.2,1.0,15,315.0,26.6,0,0
12,5.51,169.5,3.9,6.0,24,773.0,24.6,3,0
10,8.05,9.9,4.2,1.7,5,563.0,25.1,0,0
8,5.8,136.0,0.5,1.8,31,174.0,28.0,0,0
8,6.42,201.8,17.9,1.8,7,668.0,28.0,1,0
8,6.55,35.5,4.2,6.5,16,226.0,33.0,0,0
12,3.04,276.4,4.6,1.3,34,418.0,31.8,0,1
8,6.48,4.6,5.6,0.0,13,600.0,31.8,0,0
10,5.26,278.5,2.5,6.3,5,281.0,26.9,1,0
8,5.61,92.5,12.8,0.9,8,376.0,31.4,0,1
10,9.1,36.8,1.5,0.6,19,674.0,31.9,0,0
10,4.24,21.5,2.7,1.4,31,847.0,27.6,0,1
12,7.96,459.6,12.9,2.4,12,500.0,29.4,1,0
8,6.0,11.3,6.8,3.2,27,58.0,31.9,1,0
8,6.0,33.3,14.2,0.2,19,338.0,29.1,0,0
8,7.92,64.1,11.1,17.6,31,389.0,29.5,2,0
12,7.11,145.2,5.1,6.3,35,338.0,35.0,0,0
12,7.53,118.1,13.0,2.0,12,421.0,29.1,1,0
10,8.24,20.1,2.3,1.9,34,588.0,25.0,0,0
10,5.9,51.3,10.7,3.0,22,153.0,21.3,0,0
10,5.4,40.9,8.7,4.9,8,282.0,28.6,2,0
8,4.55,36.0,5.4,0.8,26,482.0,26.3,0,0
12,5.01,79.4,12.1,1.0,7,318.0,32.0,0,1
8,11.81,182.6,17.4,9.8,19,892.0,35.9,0,0
8,8.74,36.8,20.0,1.5,39,417.0,22.9,1,0
10,4.07,68.5,12.2,2.4,37,789.0,23.6,0,1
8,4.12,74.4,8.1,10.3,18,812.0,27.9,1,1
8,7.37,562.3,4.5,5.4,5,761.0,24.0,1,0
10,7.49,464.1,5.1,2.1,30,90.0,26.9,2,0
8,7.49,241.5,9.6,5.8,12,856.0,25.3,3,1
10,6.04,41.5,7.3,0.1,20,159.0,23.0,0,0
8,6.27,10.6,18.3,6.7,14,79.0,32.1,0,0
8,7.09,57.2,7.4,3.3,30,402.0,28.4,0,0
8,6.65,46.5,7.5,8.4,32,215.0,37.2,0,0
8,2.51,105.8,7.7,15.5,16,207.0,29.8,0,0
10,6.09,225.6,16.7,13.0,24,295.0,34.4,1,0
8,4.97,293.1,13.0,12.0,18,261.0,24.4,2,0
10,6.82,279.5,12.3,3.6,39,632.0,24.3,0,0
8,11.87,66.9,6.7,2.2,33,209.0,39.1,1,0
10,7.16,174.3,16.4,3.1,16,512.0,25.0,0,0
12,5.94,56.3,0.8,5.9,22,888.0,23.3,1,0
10,8.16,9.4,17.4,10.8,6,418.0,22.1,2,0
8,7.37,181.4,10.3,1.2,6,596.0,37.6,1,1
8,7.26,1.5,8.0,12.5,21,874.0,26.6,2,0
8,7.59,78.9,9.9,8.4,14,167.0,30.0,0,0
10,10.2,59.9,13.3,19.3,22,406.0,28.8,0,0
8,4.46,177.3,0.3,10.6,26,773.0,24.4,0,0
8,7.35,218.0,17.4,1.6,23,842.0,26.5,1,1
10,4.83,54.4,8.9,0.6,5,561.0,32.2,0,0
8,7.5,250.4,6.9,0.6,28,172.0,21.9,0,0
10,4.85,52.2,2.8,1.7,29,816.0,31.4,0,0
8,5.75,88.7,8.8,4.8,35,198.0,35.2,1,1
8,5.97,194.8,9.9,8.2,35,350.0,29.5,1,1
10,8.26,177.1,8.1,11.5,6,369.0,34.7,0,0
8,8.15,655.7,13.6,4.9,23,430.0,21.1,0,0
10,4.26,38.3,8.4,0.0,16,722.0,18.8,0,0
8,6.6,162.8,19.2,1.0,14,732.0,29.2,0,0
8,5.22,141.1,12.0,0.5,35,662.0,25.1,0,0
12,4.23,369.9,16.1,2.3,26,69.0,32.4,2,1
10,6.11,25.5,2.2,3.5,27,530.0,26.4,0,0
10,5.94,209.0,7.9,0.2,27,685.0,28.7,0,0
8,10.87,126.0,6.7,2.1,19,428.0,28.4,1,0
10,7.28,48.2,11.4,1.0,30,853.0,28.6,0,1
8,4.02,96.5,17.2,5.2,7,750.0,25.3,0,0
8,5.48,60.9,1.6,3.1,27,592.0,21.2,1,0
12,8.34,129.9,1.5,3.4,24,103.0,26.9,0,0
8,10.26,329.7,17.0,2.8,12,604.0,35.3,0,0
12,3.65,126.4,4.3,15.6,22,825.0,25.0,0,0
8,3.12,149.8,13.4,1.2,10,373.0,24.9,1,1
8,9.87,109.7,10.9,3.6,31,762.0,28.8,0,0
10,7.2,7.9,16.7,6.7,19,316.0,22.1,1,0
12,4.94,39.8,2.5,4.1,9,535.0,33.0,0,0
10,7.46,101.6,2.6,13.2,13,601.0,22.6,1,0
12,1.76,55.7,11.1,2.4,11,626.0,26.6,0,1
10,6.51,30.1,18.9,3.1,24,800.0,40.7,1,0
10,7.09,105.2,8.3,0.5,14,249.0,22.3,0,0
12,8.16,58.5,6.5,4.7,30,273.0,35.4,1,0
8,4.67,44.8,12.1,1.7,8,648.0,28.6,2,0
8,6.65,93.5,18.6,0.9,28,201.0,29.3,0,0
8,4.83,21.5,16.7,3.9,18,445.0,24.0,0,0
12,6.96,394.1,19.9,3.8,5,67.0,32.0,0,0
12,4.89,303.4,0.5,0.4,21,170.0,26.2,0,0
8,5.77,184.5,2.3,6.0,28,627.0,22.3,1,0
10,4.71,16.8,12.2,4.9,31,685.0,35.3,0,0
12,7.67,224.3,16.4,1.0,11,148.0,26.1,1,1
8,8.05,247.5,5.7,3.2,13,244.0,18.7,1,0
10,6.08,219.0,4.8,6.4,39,134.0,26.7,2,0
12,6.57,18.1,15.7,3.8,16,418.0,32.0,0,0
8,3.89,154.9,1.1,2.5,25,157.0,31.2,1,0
10,5.96,269.7,7.4,1.9,7,422.0,24.8,0,0
8,6.41,129.2,10.1,4.7,19,672.0,23.1,0,0
12,11.22,155.9,11.2,14.0,25,631.0,21.2,0,0
12,4.5,92.0,14.6,5.6,14,288.0,27.9,0,0
12,9.14,112.8,7.1,0.4,37,623.0,28.8,0,0
8,8.29,5.2,12.3,3.1,10,839.0,31.5,0,0
12,7.01,152.8,11.7,11.1,6,345.0,27.3,0,0
12,9.67,12.7,11.0,0.5,33,330.0,27.1,2,0
8,7.17,85.6,12.8,22.5,37,536.0,26.6,0,0
12,7.2,51.9,5.2,14.9,8,259.0,28.8,0,0
8,6.4,118.3,1.7,0.4,8,604.0,27.3,0,0
10,8.7,21.5,2.4,13.5,33,757.0,32.7,1,0
8,8.47,176.5,4.5,2.3,24,440.0,29.6,0,0
8,5.37,237.7,10.0,9.3,27,628.0,28.5,0,0
8,4.13,26.8,16.8,2.7,22,604.0,27.8,0,1
10,6.13,16.5,14.0,2.9,29,83.0,23.3,0,0
8,5.06,23.6,15.8,5.0,5,206.0,28.0,0,0
10,6.39,314.5,7.0,7.4,19,810.0,24.8,1,1
8,8.73,112.7,8.1,0.2,38,848.0,29.7,0,0
8,5.68,94.5,7.9,4.5,24,713.0,27.0,0,0
10,6.42,16.9,3.8,1.0,31,833.0,36.3,0,0
10,6.6,157.3,1.2,2.1,26,310.0,21.7,0,0
8,8.03,303.7,11.8,2.1,9,261.0,12.5,0,0
10,2.46,264.2,19.8,3.2,38,377.0,29.3,1,1
12,5.41,147.5,3.3,2.0,7,97.0,24.8,0,0
10,6.88,11.7,0.9,0.6,21,738.0,28.8,0,0
8,8.66,17.9,15.6,0.8,28,887.0,21.8,0,0
8,5.61,7.6,5.1,0.2,28,750.0,37.5,0,0
12,3.12,44.7,16.6,3.2,7,522.0,26.1,0,0
8,7.62,21.9,14.1,15.4,11,301.0,24.5,0,0
12,5.36,45.2,18.9,0.6,29,218.0,37.5,0,0
10,4.36,72.9,8.2,14.6,7,359.0,32.2,0,0
12,5.38,429.7,13.2,6.6,19,617.0,34.9,0,1
10,6.17,141.4,9.3,5.1,33,430.0,27.1,0,1
12,5.41,270.2,12.6,5.2,33,844.0,28.2,0,0
8,2.53,185.9,9.0,8.8,14,776.0,25.0,1,0
10,8.11,17.9,3.8,0.6,36,137.0,24.4,0,0
8,8.79,199.7,10.2,3.5,27,162.0,30.0,0,0
8,7.67,48.3,10.6,6.0,13,625.0,26.2,0,0
10,4.45,152.9,16.2,4.4,18,246.0,39.1,2,0
12,6.14,62.5,14.7,8.9,8,722.0,32.2,1,0
12,6.49,909.4,13.3,0.4,24,553.0,37.4,0,1
10,7.58,45.9,2.3,5.9,32,245.0,16.9,0,0
8,7.7,49.1,14.4,3.8,18,457.0,37.5,1,1
8,5.18,400.3,10.0,2.4,38,395.0,16.1,1,1
10,6.65,3.7,17.9,2.1,17,792.0,21.7,0,0
8,7.32,178.9,18.4,4.8,35,77.0,19.2,2,0
8,9.12,193.8,1.1,11.1,37,811.0,29.2,1,0
8,7.77,271.5,16.4,3.4,32,604.0,27.9,0,0
8,7.92,550.0,0.8,8.7,29,677.0,32.0,0,0
8,6.65,557.0,7.3,2.6,36,52.0,27.6,0,0
8,9.04,10.1,10.8,0.5,13,584.0,34.1,2,0
8,7.24,258.8,3.0,0.3,32,550.0,23.3,0,0
8,4.95,155.9,14.9,0.3,35,507.0,34.2,1,1
12,9.03,156.3,0.2,2.4,21,718.0,27.8,0,0
8,7.76,20.6,3.4,2.1,27,522.0,39.8,0,0
8,5.7,157.6,11.6,6.3,17,779.0,32.4,1,0
10,5.64,606.7,14.3,6.8,14,248.0,26.5,1,0
8,7.03,364.3,18.3,0.3,20,735.0,27.8,0,1
12,7.33,86.7,14.1,1.2,10,202.0,23.0,0,0
10,6.86,6.1,13.4,1.6,15,741.0,29.8,0,0
8,7.06,67.5,7.9,4.0,7,849.0,26.5,0,1
8,9.56,262.6,0.0,0.8,32,335.0,31.6,0,0
12,8.43,181.3,2.4,0.7,19,500.0,21.3,2,1
12,6.84,92.2,10.7,14.4,17,610.0,26.4,0,0
8,8.19,8.5,13.5,8.2,21,118.0,22.2,0,0
10,4.64,83.5,8.3,1.0,11,470.0,22.5,1,0
8,7.22,95.0,14.6,2.6,32,356.0,31.0,0,0
12,9.76,395.8,10.4,2.2,17,792.0,33.6,0,0
8,6.11,153.7,1.5,7.8,21,795.0,16.3,1,0
12,4.97,56.0,3.8,3.6,19,646.0,37.3,2,1
10,5.33,111.8,16.8,0.7,32,607.0,35.0,0,0
10,4.54,10.3,14.5,6.7,19,674.0,21.3,0,0
10,5.09,539.4,17.9,2.5,15,361.0,32.1,0,1
8,5.83,67.0,2.4,1.5,35,394.0,25.7,0,0
8,3.97,97.5,19.8,2.4,8,521.0,27.5,0,0
8,6.53,65.8,4.2,3.4,39,847.0,31.0,1,0
8,8.12,172.1,0.2,2.1,38,665.0,30.4,0,0
10,4.87,162.8,19.9,1.4,31,518.0,25.1,0,0
8,9.23,188.5,5.6,2.5,14,705.0,25.1,0,0
8,7.42,46.8,13.4,0.1,34,365.0,25.4,0,1
12,8.36,56.9,3.5,7.4,24,671.0,33.7,0,0
12,5.32,20.1,11.6,0.9,33,399.0,18.7,0,1
12,8.04,159.9,18.1,0.2,33,288.0,27.2,1,0
12,4.53,6.1,6.4,5.3,27,568.0,35.9,0,0
8,8.1,136.6,13.4,7.4,25,634.0,31.5,0,0
8,6.81,305.7,3.8,8.4,14,440.0,33.3,0,0
10,7.5,332.2,12.5,3.4,16,531.0,27.3,0,0
10,4.38,89.4,6.7,1.1,34,640.0,22.2,1,0
8,4.89,92.2,4.2,6.7,37,703.0,28.3,0,1
12,7.58,12.0,6.3,6.0,22,811.0,24.6,0,0
8,4.79,166.6,3.6,1.4,18,351.0,39.2,0,0
8,7.33,258.3,18.0,11.7,26,859.0,27.2,0,0
10,4.04,42.1,7.9,0.6,25,592.0,31.2,1,0
10,8.03,82.0,4.9,20.3,5,720.0,36.5,1,0
10,4.28,273.8,9.0,9.8,19,645.0,22.5,0,0
8,7.49,314.5,6.4,5.8,26,225.0,16.6,0,0
12,7.63,41.8,14.9,14.0,36,111.0,30.5,0,0
8,5.25,120.0,19.4,6.4,37,667.0,31.4,0,1
8,7.55,32.1,8.8,1.1,27,484.0,25.9,1,0
12,6.97,16.1,17.2,2.9,6,647.0,22.2,0,0
12,5.53,363.1,11.3,0.4,6,455.0,29.5,1,0
12,4.68,257.6,3.1,2.5,33,315.0,27.9,1,0
12,2.97,214.1,13.8,6.8,7,292.0,29.6,0,0
10,7.13,7.5,10.3,2.4,11,671.0,22.3,0,0
10,3.68,278.4,13.0,2.0,33,285.0,29.6,0,0
8,6.67,86.4,17.8,4.5,27,657.0,32.1,1,1
8,6.03,62.9,8.8,10.3,20,376.0,20.5,0,0
8,7.72,118.6,18.0,0.2,35,705.0,35.3,0,0
8,5.96,14.4,15.0,2.4,38,171.0,29.3,0,0
10,5.91,212.0,9.8,0.9,5,224.0,32.3,0,0
8,7.82,131.0,12.1,5.9,22,633.0,21.6,0,0
8,7.1,31.0,6.5,0.6,19,526.0,31.4,0,0
8,7.07,31.3,19.7,5.5,21,223.0,19.8,1,1
10,7.34,30.5,13.3,1.7,14,817.0,23.3,1,0
8,3.74,8.8,0.9,1.1,24,285.0,29.3,1,0
12,7.86,132.9,6.5,13.8,10,408.0,26.6,0,0
8,7.6,275.2,12.5,0.1,12,222.0,28.1,1,0
8,4.67,2.6,1.1,2.9,38,380.0,37.6,1,0
10,6.06,7.5,0.5,0.1,36,468.0,28.1,1,0
12,6.43,127.6,9.0,3.3,8,301.0,31.5,0,0
8,6.26,256.8,6.7,3.5,24,704.0,27.7,0,1
10,7.1,59.3,8.8,1.9,28,385.0,27.5,1,0
10,9.08,64.5,5.3,0.7,28,670.0,23.1,0,0
8,8.45,136.1,3.3,2.4,30,226.0,29.8,0,0
12,4.14,48.1,13.8,5.6,29,370.0,40.7,0,1
10,7.62,4.0,10.3,7.6,11,57.0,28.4,0,0
10,8.89,199.3,4.0,3.8,14,695.0,26.7,0,0
12,7.2,147.4,6.4,4.5,16,582.0,33.7,1,0
12,8.46,130.4,11.8,1.1,5,745.0,33.1,1,1
10,10.12,203.0,1.4,1.7,29,437.0,30.2,0,0
12,8.34,168.7,2.9,0.9,20,730.0,26.5,0,0
10,6.95,34.6,1.5,1.4,9,600.0,33.7,1,0
10,8.38,65.2,16.2,1.3,23,53.0,28.6,1,0
10,6.76,20.2,15.0,3.7,8,266.0,32.6,0,0
10,6.54,20.9,15.1,4.1,10,470.0,23.9,0,0
8,5.87,169.1,14.3,14.5,30,576.0,25.1,1,0
12,9.31,293.4,13.4,1.1,13,106.0,28.5,0,0
12,5.03,493.4,9.5,5.1,18,649.0,21.8,0,0
8,9.26,148.5,12.8,8.5,13,512.0,26.2,0,0
12,7.4,30.5,0.8,4.1,19,497.0,21.6,0,0
8,3.98,16.7,12.4,1.5,24,298.0,20.3,0,1
8,7.16,251.4,15.6,1.5,12,556.0,40.2,0,0
10,2.72,129.7,10.0,0.2,36,73.0,25.0,0,0
8,7.63,144.5,7.2,1.8,25,105.0,25.4,1,0
12,8.09,228.1,5.5,6.8,23,674.0,28.4,1,0
12,5.43,182.2,12.9,0.2,33,324.0,22.7,0,1
10,6.72,269.8,13.9,1.2,35,345.0,25.5,0,1
8,10.02,8.7,17.4,6.1,10,227.0,37.2,0,0
8,5.59,206.5,6.8,7.6,8,429.0,29.8,0,0
10,4.59,285.4,15.4,3.0,33,94.0,32.9,0,1
12,9.17,50.6,11.2,6.0,7,305.0,35.9,0,0
10,10.03,153.4,17.7,2.5,5,498.0,29.1,0,0
8,6.51,56.6,10.6,0.9,19,446.0,26.9,1,1
10,8.32,475.4,10.4,2.5,25,900.0,20.8,0,1
10,8.91,5.1,11.6,4.3,35,380.0,26.1,0,0
10,5.16,130.1,15.0,14.8,11,379.0,27.2,1,1
8,5.63,27.3,19.3,0.4,21,478.0,24.0,1,0
10,8.72,186.8,1.5,3.5,23,212.0,35.7,0,0
10,9.53,29.0,1.1,2.0,7,795.0,33.5,0,0
12,7.51,40.3,18.8,3.5,34,536.0,32.9,0,0
8,4.92,102.3,10.6,0.1,39,213.0,27.4,1,1
10,10.08,369.5,12.3,1.9,33,724.0,22.8,0,1
12,5.54,35.7,9.6,8.6,18,79.0,34.6,0,0
8,5.9,23.4,1.9,4.0,39,885.0,29.7,0,0
12,7.12,213.4,15.4,3.0,32,785.0,31.9,0,1
10,9.3,104.2,14.9,1.7,34,543.0,31.1,1,0
8,8.04,364.2,6.2,1.8,30,145.0,29.6,0,0
8,7.25,23.8,6.1,2.4,11,233.0,38.0,0,0
10,7.33,155.7,16.8,9.0,35,288.0,24.7,0,0
8,6.58,39.8,1.4,17.1,9,255.0,26.5,0,0
10,7.5,25.6,17.6,2.9,39,473.0,36.2,1,1
8,1.95,172.5,5.1,2.5,18,853.0,28.4,0,0
10,5.97,135.1,11.9,9.4,31,428.0,27.4,1,1
8,6.93,210.9,18.7,2.8,28,612.0,26.7,1,0
12,4.43,55.5,13.6,4.0,33,635.0,31.4,0,1
12,7.2,89.1,8.3,1.3,26,791.0,26.9,0,0
12,6.13,78.0,13.8,6.8,12,79.0,26.3,0,1
10,9.66,621.1,6.9,3.8,19,394.0,31.3,1,0
8,9.33,51.8,5.5,8.3,9,717.0,28.5,0,0
10,5.66,52.4,19.9,7.6,8,743.0,23.0,1,0
8,6.23,65.7,15.0,1.2,15,838.0,28.2,2,0
8,6.37,124.7,12.9,6.3,22,647.0,35.0,0,0
8,5.69,43.6,7.1,8.0,34,258.0,31.8,1,0
8,6.85,370.3,1.0,2.1,19,480.0,35.6,1,0
10,5.14,46.3,0.6,0.9,10,77.0,24.3,0,0
10,4.46,339.2,11.1,0.0,20,600.0,33.4,0,0
8,7.62,16.4,15.2,3.0,13,521.0,24.8,0,1
8,7.63,160.3,10.7,2.2,38,617.0,21.8,0,1
12,5.05,356.3,16.8,4.0,31,841.0,24.0,0,1
8,8.11,27.7,0.7,1.0,17,634.0,28.7,0,0
8,5.36,517.8,7.3,9.8,31,322.0,33.1,1,1
8,6.96,90.5,4.7,1.5,13,219.0,29.6,1,0
10,7.98,437.0,8.9,1.3,9,776.0,27.2,1,1
10,6.44,169.4,1.4,3.3,26,215.0,22.8,0,0
8,7.32,53.8,19.1,3.5,35,187.0,31.5,1,0
8,5.57,31.3,4.5,1.2,7,226.0,32.8,0,0
10,6.15,54.3,18.4,1.6,34,483.0,29.5,1,0
10,6.13,14.6,8.5,0.9,25,156.0,22.7,0,0
8,5.16,23.3,19.7,6.3,39,847.0,32.0,0,0
12,6.18,16.6,11.1,7.4,10,871.0,34.1,1,0
8,3.71,82.5,18.6,3.1,32,878.0,35.7,0,1
8,5.62,238.1,0.1,6.3,36,83.0,25.8,1,0
12,5.99,22.9,15.0,6.7,29,854.0,30.2,1,0
8,6.04,20.9,18.1,0.7,36,898.0,25.3,1,0
10,6.07,154.7,2.8,16.9,39,851.0,23.4,0,0
8,6.39,32.9,1.9,8.6,26,620.0,35.9,1,0
8,7.36,15.4,8.5,1.1,28,646.0,30.8,0,0
12,8.07,27.4,18.7,1.0,34,154.0,34.5,2,0
8,5.33,386.0,10.8,0.7,36,793.0,21.9,0,0
12,4.33,258.5,10.5,0.7,35,101.0,29.4,2,1
8,4.62,65.6,2.8,6.9,27,320.0,30.5,0,0
8,5.62,160.0,0.0,3.2,37,892.0,23.8,1,0
8,5.87,115.6,16.2,7.6,29,409.0,35.4,1,1
10,5.11,169.6,1.8,6.9,28,161.0,26.8,0,0
8,4.17,172.2,12.7,4.6,35,874.0,30.3,0,0
12,5.68,148.6,18.3,5.8,17,887.0,25.2,0,0
8,6.83,46.4,4.2,0.1,14,209.0,22.0,2,0
12,7.57,6.0,13.3,1.9,27,785.0,32.6,1,0
8,5.5,91.2,1.6,5.1,22,382.0,29.9,1,0
12,5.76,332.4,12.1,0.0,36,374.0,29.2,0,0
10,4.83,126.4,3.3,0.2,37,273.0,26.6,0,0
10,6.44,267.9,14.7,9.5,32,88.0,29.8,2,1
12,4.97,717.4,6.0,5.8,20,278.0,34.3,0,1
10,7.53,26.8,9.3,1.5,20,96.0,24.6,0,0
10,3.29,176.5,12.0,5.8,22,836.0,30.8,0,1
8,5.85,168.3,3.4,7.9,12,612.0,29.0,0,0
8,7.04,586.5,14.8,1.8,20,804.0,27.1,0,0
12,6.83,636.1,6.1,0.2,15,660.0,19.8,0,0
10,11.35,174.1,13.2,13.5,10,162.0,27.9,1,0
10,7.13,41.9,3.2,2.1,5,849.0,31.4,0,0
8,4.69,240.3,13.8,0.6,16,815.0,29.6,1,0
8,6.33,17.0,2.6,3.4,32,346.0,20.8,1,0
8,3.3,227.6,8.5,7.3,21,145.0,34.2,0,0
10,6.35,361.5,4.9,1.3,5,649.0,36.2,1,0
8,5.0,72.4,15.0,1.6,36,669.0,27.5,1,0
8,8.15,149.4,5.2,1.4,12,812.0,39.6,0,0
8,5.51,84.4,17.6,23.9,28,95.0,23.9,1,0
8,6.29,86.4,17.8,1.1,14,170.0,21.6,1,0
10,5.36,55.7,3.9,4.3,14,559.0,22.9,1,1
8,9.63,215.4,12.3,13.0,29,576.0,29.2,0,0
10,5.92,412.7,1.8,0.8,14,79.0,19.1,0,0
8,9.8,423.9,7.8,17.7,23,387.0,26.4,1,0
8,7.97,28.8,14.3,14.7,19,547.0,42.7,0,0
8,7.37,311.6,13.2,10.8,20,677.0,20.5,0,0
8,7.16,200.6,12.5,1.2,6,319.0,25.3,2,0
8,7.21,43.7,5.7,5.0,33,461.0,22.8,1,0
8,3.03,10.4,7.6,7.2,8,742.0,26.6,0,0
10,6.0,46.8,2.1,21.4,33,861.0,26.3,0,0
8,8.02,364.9,14.4,1.0,35,246.0,24.7,1,0
10,6.41,150.4,10.1,7.3,21,265.0,27.2,0,0
12,3.97,191.5,14.2,2.1,14,849.0,31.2,1,1
10,6.41,44.6,5.0,1.0,31,387.0,34.9,3,0
8,9.57,190.6,6.5,2.7,19,661.0,26.6,0,0
8,8.74,4.3,6.7,7.9,35,570.0,28.0,1,0
8,6.39,70.6,0.5,3.1,25,293.0,30.3,0,0
8,8.21,147.8,6.8,3.9,30,606.0,21.8,1,0
12,5.84,23.7,16.1,26.7,21,607.0,27.2,1,0
8,3.43,259.7,17.9,2.5,7,554.0,25.5,0,0
8,4.84,40.2,10.4,4.8,18,135.0,32.8,0,0
10,9.31,158.5,9.1,2.3,17,896.0,36.8,0,0
10,6.01,77.9,0.6,2.5,31,390.0,24.1,0,0
10,6.06,136.0,17.6,5.9,5,593.0,34.4,1,0
8,5.96,17.1,0.3,13.9,21,803.0,20.7,0,0
8,9.93,2.6,18.9,3.9,38,410.0,29.0,1,0
10,9.43,360.5,9.8,7.3,18,708.0,29.3,0,0
8,10.49,47.1,6.8,0.5,21,876.0,20.6,1,0
8,6.21,257.0,18.5,1.2,7,355.0,23.9,1,1
8,7.03,1100.9,0.5,3.5,38,394.0,23.4,1,1
8,3.77,35.6,11.6,0.1,29,820.0,21.4,0,1
8,9.16,46.2,11.0,1.5,6,186.0,14.7,2,0
8,4.4,163.1,4.4,3.6,38,74.0,27.0,0,0
10,6.89,504.8,8.6,0.1,30,823.0,27.6,1,1
10,4.52,371.2,13.0,1.5,35,748.0,27.5,1,1
12,5.44,104.8,14.5,3.6,13,877.0,31.8,0,0
8,4.99,237.8,0.0,4.3,34,100.0,18.3,0,0
8,5.41,21.9,18.7,13.0,24,183.0,26.1,0,0
8,5.53,568.7,3.3,5.2,25,140.0,40.8,0,0
10,5.51,500.1,4.7,2.7,33,631.0,32.4,0,0
10,8.0,26.8,5.3,13.3,29,565.0,32.5,0,0
8,4.51,53.4,0.8,7.7,29,355.0,22.9,1,0
12,6.9,15.8,2.5,1.1,13,99.0,27.0,1,0
8,8.69,47.6,19.7,0.7,30,594.0,16.5,0,1
10,5.58,253.9,6.3,5.6,20,535.0,30.9,0,0
10,5.21,71.3,2.3,4.1,16,146.0,35.0,0,0
12,6.09,13.9,2.1,7.8,28,823.0,20.8,0,0
10,8.62,62.8,14.4,6.7,30,219.0,22.2,0,0
12,6.85,597.6,17.1,4.9,24,682.0,27.8,0,1
8,5.54,149.0,5.1,21.5,13,802.0,28.8,0,0
12,7.37,80.7,0.4,3.8,27,543.0,25.3,0,0
8,4.52,27.3,4.5,0.6,33,260.0,23.9,1,1
12,7.73,642.2,1.1,8.8,35,313.0,24.0,1,0
10,7.24,257.9,2.1,1.5,23,803.0,27.8,0,0
12,5.95,49.6,8.6,7.5,24,304.0,30.9,0,0
8,4.99,10.9,4.6,15.7,27,684.0,27.8,0,0
10,4.9,8.7,10.3,6.0,31,892.0,27.3,1,0
10,7.46,19.2,5.1,4.5,34,900.0,19.2,0,0
10,8.71,130.4,18.8,3.1,25,503.0,32.3,0,1
8,5.35,396.3,18.1,2.3,39,753.0,27.7,0,0
8,7.33,103.0,11.3,2.2,11,892.0,25.8,1,1
8,2.74,277.7,7.1,5.1,26,368.0,29.3,0,0
8,5.45,88.6,7.6,7.0,14,265.0,23.8,0,0
12,6.44,185.0,8.2,5.7,27,147.0,25.9,0,0
8,4.86,197.4,14.6,1.1,19,170.0,28.5,0,0
12,4.81,28.7,9.0,3.4,34,776.0,24.6,0,1
8,5.3,67.2,17.1,7.8,38,550.0,19.8,0,1
8,7.03,152.1,18.9,3.2,17,793.0,19.0,1,0
10,6.16,11.0,6.7,3.8,8,721.0,30.2,0,0
10,2.47,67.3,11.2,7.4,22,623.0,27.8,0,0
8,2.68,114.8,1.9,5.4,27,568.0,27.7,0,0
10,5.41,836.9,4.0,2.6,37,91.0,22.2,1,1
10,7.32,96.5,8.3,11.3,38,791.0,27.9,1,0
8,1.55,254.0,4.1,0.9,38,405.0,26.0,0,0
12,5.6,84.9,17.5,27.0,39,526.0,25.0,1,0
12,5.55,238.7,3.2,0.6,21,69.0,27.6,0,0
10,9.0,135.7,9.1,0.1,32,846.0,29.5,0,0
8,5.81,326.5,12.1,11.0,18,817.0,36.7,0,1
10,7.19,79.4,13.8,1.4,38,512.0,30.8,1,0
8,6.75,139.1,7.7,6.5,15,541.0,32.3,0,0
8,2.66,149.1,17.4,8.3,17,649.0,33.5,0,0
8,7.88,81.0,11.4,9.8,37,275.0,24.2,0,0
8,6.89,23.4,8.8,23.9,6,239.0,26.4,1,0
12,7.41,14.7,1.3,1.7,38,623.0,23.5,0,0
10,12.0,2.5,9.3,6.2,33,139.0,24.6,0,0
10,2.75,310.2,16.4,0.6,8,436.0,25.9,0,1
8,9.6,40.5,12.3,2.6,16,469.0,24.5,1,0
8,5.98,35.6,16.6,9.4,30,374.0,29.1,0,0
8,7.02,199.8,9.9,2.3,32,207.0,30.2,0,0
12,6.42,57.9,2.4,4.5,7,352.0,21.5,0,0
8,5.74,105.8,0.3,3.5,24,337.0,26.4,0,0
12,5.47,26.6,6.1,5.2,14,474.0,26.5,0,0
10,7.09,481.9,14.0,18.0,22,623.0,20.6,0,0
8,3.77,286.2,15.8,0.3,31,873.0,24.2,2,1
10,7.85,299.0,5.9,4.3,35,173.0,32.4,0,0
8,5.75,78.3,9.9,9.9,31,792.0,32.3,0,0
12,4.47,215.6,8.4,3.3,5,292.0,19.9,2,1
12,5.69,23.3,8.2,0.4,10,553.0,30.4,1,1
8,8.76,1.3,4.6,4.1,15,515.0,20.6,0,1
8,5.54,3.0,2.7,2.0,38,523.0,26.0,0,0
10,7.15,132.5,3.9,0.8,24,665.0,27.5,0,0
12,5.18,91.2,1.1,9.5,25,374.0,31.8,0,0
8,7.86,109.5,4.0,3.7,25,321.0,27.1,0,0
10,7.73,1.1,0.2,13.5,22,775.0,22.9,0,0
10,9.83,82.4,12.5,8.2,25,237.0,22.1,0,0
10,6.18,189.9,6.3,5.9,23,203.0,28.8,1,1
8,7.7,87.7,19.5,0.0,8,63.0,24.8,0,0
10,6.68,197.6,3.9,2.8,17,229.0,26.0,0,1
12,8.83,39.8,6.9,1.1,22,491.0,32.9,0,0
8,5.21,251.6,7.2,12.1,33,508.0,30.2,0,0
8,7.84,133.2,0.2,1.0,29,266.0,35.9,0,0
12,6.15,35.5,16.8,1.7,17,111.0,22.9,0,0
8,6.38,40.5,0.6,3.6,31,683.0,24.5,1,0
12,6.67,148.3,18.8,1.5,23,694.0,28.9,1,0
8,6.95,265.7,17.8,1.2,5,898.0,37.1,0,0
8,6.29,80.6,10.7,4.6,23,815.0,24.0,0,0
12,6.89,44.8,10.9,0.5,5,837.0,28.2,1,0
8,9.34,302.6,13.1,0.3,21,728.0,34.6,1,0
10,8.27,166.0,7.7,2.3,25,573.0,28.2,1,0
8,8.06,89.2,12.9,6.4,26,159.0,33.1,0,0
10,5.68,100.4,0.9,4.0,19,579.0,37.8,1,0
8,4.9,34.3,1.1,2.7,36,98.0,29.5,3,0
8,8.22,147.8,9.1,4.2,8,803.0,30.3,0,0
12,8.08,66.6,11.0,2.3,36,460.0,31.7,2,1
8,9.15,815.5,17.8,13.8,8,643.0,23.5,0,0
10,5.41,98.1,2.1,0.3,5,94.0,20.6,0,0
8,6.09,99.8,16.5,5.6,37,504.0,28.8,1,0
10,3.55,125.2,4.2,11.1,11,306.0,24.9,0,0
8,5.79,372.9,7.9,8.1,13,292.0,33.3,0,1
12,8.29,242.0,6.3,1.0,5,381.0,29.6,0,0
8,5.66,90.0,8.0,1.8,20,51.0,33.2,0,0
8,7.65,190.2,3.0,6.3,22,447.0,22.0,1,0
8,6.16,132.4,10.1,0.4,10,464.0,33.0,1,0
8,7.08,101.7,16.0,8.4,6,784.0,16.5,0,0
10,4.43,32.0,8.8,6.3,13,431.0,22.4,0,0
8,6.65,93.5,9.8,6.5,8,359.0,31.2,1,0
12,1.5,42.3,17.0,0.5,27,896.0,25.5,1,1
8,6.16,369.5,14.1,6.3,12,536.0,26.0,1,1
8,3.57,61.3,9.8,5.7,29,452.0,28.5,0,0
10,8.67,456.3,5.2,8.9,20,472.0,35.1,0,1
10,7.9,114.2,17.7,0.2,39,738.0,18.4,2,0
8,7.34,149.8,11.5,0.1,21,340.0,34.2,0,0
8,9.24,117.4,4.4,2.3,22,381.0,34.5,0,1
8,4.79,20.8,5.4,0.8,31,692.0,25.5,0,0
10,9.65,70.7,16.1,4.1,19,112.0,24.5,1,0
10,8.18,15.7,0.9,12.5,21,785.0,27.4,1,0
8,6.07,146.3,19.8,2.5,9,416.0,24.4,0,0
12,8.54,88.8,2.6,9.3,20,544.0,29.7,1,0
12,4.51,225.8,15.9,0.0,19,694.0,30.4,0,1
10,5.02,37.4,7.9,0.9,38,276.0,20.2,1,1
12,5.4,27.0,9.8,0.2,23,807.0,23.4,0,0
8,5.55,78.2,17.6,2.0,12,882.0,22.1,1,1
8,4.6,391.7,8.3,11.9,14,470.0,29.1,0,1
8,8.7,185.9,10.7,0.5,9,846.0,32.4,1,1
8,6.03,81.4,1.0,4.7,30,51.0,22.6,1,0
10,7.13,109.2,0.0,3.0,26,810.0,32.3,0,0
12,5.47,13.2,4.9,13.9,27,314.0,23.4,1,0
8,3.22,625.8,13.6,0.7,17,315.0,31.6,2,1
8,6.99,164.7,2.4,1.2,13,244.0,26.6,0,0
8,3.06,50.4,2.3,0.1,24,319.0,25.8,0,0
12,6.38,132.2,8.2,2.8,32,231.0,33.7,1,0
8,4.04,17.4,13.0,1.6,28,820.0,36.9,1,1
10,10.08,506.5,14.2,10.2,37,814.0,18.3,0,0
8,8.14,28.8,3.6,4.6,24,137.0,31.0,0,1
8,6.69,156.6,1.6,4.8,34,171.0,28.9,1,0
12,8.77,42.2,18.8,3.8,13,783.0,31.3,0,0
12,4.98,189.6,5.2,0.5,21,389.0,20.8,1,0
8,7.48,225.0,17.1,2.9,18,194.0,22.6,1,0
12,6.86,167.9,17.3,30.0,23,484.0,24.6,1,0
10,6.98,143.0,15.5,9.0,11,404.0,29.1,1,0
12,8.79,334.5,3.4,11.2,7,236.0,24.3,0,0
8,7.82,12.3,16.4,8.7,37,663.0,26.4,0,0
10,7.02,60.3,15.4,0.5,36,587.0,32.2,1,1
8,3.52,42.8,11.9,1.3,15,135.0,38.2,1,0
10,4.77,663.6,6.7,0.0,6,837.0,31.8,0,1
8,6.28,74.0,5.3,1.8,30,525.0,32.3,0,0
8,6.67,197.9,2.4,0.6,8,263.0,27.1,1,0
8,4.47,173.1,10.2,3.2,21,225.0,23.5,2,1
10,10.84,35.8,11.7,5.7,21,166.0,26.4,1,0
8,9.23,41.0,7.2,10.4,32,411.0,27.7,1,0
10,7.58,49.5,9.5,6.9,34,165.0,22.2,1,0
12,6.63,79.4,7.3,14.0,27,403.0,32.1,0,0
8,6.12,40.0,12.8,0.3,28,176.0,35.6,0,0
10,4.79,3.0,18.0,0.1,33,608.0,28.6,0,0
8,6.64,317.3,3.3,5.4,8,717.0,33.4,0,1
12,6.96,505.5,7.6,1.7,33,517.0,34.0,1,1
8,4.26,62.7,2.8,1.5,23,628.0,22.8,0,0
10,7.1,62.0,12.5,2.0,31,848.0,19.3,0,0
12,6.22,1.1,14.6,1.6,33,593.0,25.5,0,0
12,3.07,171.0,18.6,3.6,39,360.0,28.5,1,0
10,4.95,261.8,5.6,2.9,10,432.0,22.0,0,0
8,5.76,23.8,19.0,3.6,27,781.0,35.1,0,0
10,9.9,26.1,1.3,5.6,12,161.0,37.7,0,0
12,7.5,234.2,12.1,2.4,6,327.0,28.9,0,1
10,4.1,143.7,1.1,1.4,17,541.0,23.1,0,1
8,7.37,6.9,17.9,0.9,25,625.0,30.4,0,0
12,3.71,146.1,10.6,2.1,35,699.0,23.1,0,0
10,8.45,55.4,13.4,6.8,31,320.0,33.7,0,0
10,5.65,69.0,16.6,7.1,27,174.0,26.8,0,0
8,6.33,220.3,3.0,5.5,25,862.0,31.6,0,1
10,8.89,249.8,0.8,1.3,17,115.0,32.5,0,0
8,4.18,76.7,17.6,4.4,30,131.0,30.7,0,0
10,3.99,441.1,6.3,4.2,11,471.0,36.9,1,1
8,5.45,78.2,2.6,3.3,26,746.0,28.9,1,0
10,8.37,221.7,9.4,4.0,27,708.0,25.5,0,0
12,3.77,99.2,12.0,3.4,34,847.0,17.5,0,1
8,1.5,341.7,0.6,4.2,22,170.0,16.6,0,0
12,5.69,357.5,5.5,6.3,22,369.0,31.3,0,1
8,7.49,13.7,0.7,0.6,14,290.0,27.1,2,0
12,8.66,413.5,8.4,6.9,34,782.0,23.9,0,1
10,5.67,261.9,17.9,0.7,30,465.0,22.4,0,1
10,5.76,235.0,19.7,0.3,11,73.0,31.7,0,0
10,8.58,33.6,12.7,18.7,11,652.0,23.1,1,0
12,3.13,245.3,3.2,15.7,9,380.0,36.2,1,0
8,5.8,284.7,18.1,0.3,5,501.0,39.8,0,0
8,6.84,51.2,10.3,2.9,22,810.0,23.5,0,0
10,7.31,456.3,3.1,1.0,17,268.0,31.3,0,0
12,5.58,7.7,18.4,3.3,29,254.0,30.2,0,0
10,6.56,24.4,15.1,8.9,12,274.0,23.1,0,0
10,2.02,115.7,14.6,15.0,14,337.0,23.1,0,0
8,5.32,128.6,14.2,5.0,36,141.0,27.4,0,0
12,7.32,155.4,4.0,2.2,21,643.0,22.3,0,0
8,4.73,2.6,4.2,4.6,19,226.0,33.5,0,0
10,6.61,484.2,13.8,1.9,19,837.0,26.8,1,1
8,7.3,6.8,4.4,12.0,24,233.0,22.4,0,0
8,5.88,23.2,8.8,10.2,19,267.0,27.6,0,0
8,6.81,2.1,15.6,4.1,39,302.0,30.3,0,0
8,4.77,125.5,15.7,2.0,10,703.0,24.4,1,0
10,6.13,403.8,9.1,1.7,34,413.0,18.0,0,0
8,7.6,164.5,15.8,0.2,12,746.0,28.6,0,0
8,6.78,259.5,16.8,8.5,35,717.0,21.9,1,1
8,5.44,2.0,13.1,3.0,36,840.0,24.0,0,0
8,6.9,117.1,4.6,2.0,19,693.0,30.3,0,0
8,7.79,92.3,5.5,3.2,22,94.0,25.1,0,0
8,2.81,103.7,6.3,8.5,17,762.0,27.3,1,0
10,8.59,11.2,2.3,0.7,28,847.0,35.3,1,0
10,5.89,173.0,5.5,9.7,18,895.0,26.2,0,0
10,7.27,104.9,4.2,11.4,32,156.0,38.1,1,0
8,8.66,217.3,9.1,14.7,15,571.0,31.7,0,0
8,4.03,99.6,18.2,2.5,10,220.0,23.3,0,0
12,5.22,24.3,2.1,1.2,29,273.0,25.6,1,1
10,5.98,156.7,14.4,2.3,5,684.0,21.7,1,1
8,5.09,28.4,13.7,2.0,29,881.0,31.2,1,0
8,9.62,308.8,1.9,1.0,6,556.0,34.6,0,0
8,4.96,142.4,18.5,4.7,36,773.0,26.2,0,1
8,5.5,25.7,11.4,3.2,17,58.0,18.7,2,0
8,6.87,491.9,7.3,10.0,37,81.0,29.8,0,0
10,4.34,109.6,15.1,0.2,36,557.0,23.7,0,0
10,5.79,11.4,5.1,5.2,28,381.0,24.4,0,0
10,7.07,147.9,13.9,7.2,31,806.0,29.6,0,0
10,5.9,43.8,0.8,7.1,8,307.0,34.2,0,0
12,6.33,244.2,16.8,10.9,28,417.0,31.7,0,0
10,5.55,255.4,9.0,6.5,27,499.0,30.1,0,0
12,3.77,579.1,12.7,13.1,33,282.0,27.2,1,1
8,7.08,104.5,4.4,2.0,38,822.0,21.4,0,1
8,9.66,91.0,13.5,3.5,25,445.0,29.7,0,0
8,6.53,210.0,15.4,0.1,34,411.0,31.6,0,0
10,6.91,21.3,9.5,0.0,30,772.0,25.0,0,0
12,7.75,118.8,12.4,1.4,24,315.0,26.2,0,0
8,4.22,118.5,9.1,0.5,20,745.0,33.6,0,1
12,9.56,14.1,17.9,1.5,7,154.0,26.0,0,0
8,6.86,81.2,10.0,1.0,29,205.0,26.6,1,0
12,9.44,287.9,16.8,0.1,27,858.0,27.6,0,0
8,5.18,290.9,16.0,12.0,5,766.0,31.3,1,1
8,9.77,15.7,8.2,0.0,37,380.0,29.5,0,0
8,7.9,14.3,4.6,6.7,19,593.0,29.1,0,0
8,7.5,45.7,8.1,0.8,21,852.0,35.6,0,0
8,6.92,311.6,16.5,12.2,38,230.0,26.0,0,0
8,6.05,20.7,4.6,11.2,21,100.0,23.2,0,0
12,8.66,190.9,10.5,5.3,8,507.0,33.1,1,0
10,6.75,16.0,16.1,5.6,17,171.0,29.2,0,0
8,2.96,146.4,7.1,0.0,8,209.0,25.1,0,0
10,4.49,66.0,12.8,21.0,11,808.0,26.2,0,0
10,6.17,233.3,4.9,10.5,13,56.0,21.6,0,0
8,7.06,39.9,2.2,11.3,27,744.0,29.2,1,0
8,6.4,152.9,15.9,5.4,37,489.0,20.7,1,0
8,8.69,40.3,2.0,2.1,37,525.0,31.4,1,0
8,2.99,187.6,5.4,11.2,24,621.0,25.4,0,0
10,6.76,310.3,17.1,1.7,8,417.0,21.0,0,0
8,3.23,20.3,6.9,4.1,5,148.0,33.5,1,0
10,7.87,302.2,19.5,0.5,38,137.0,39.3,1,0
10,6.33,135.1,19.6,12.8,31,691.0,30.2,0,0
8,7.26,20.4,5.4,0.8,25,238.0,26.6,0,0
10,4.95,83.7,0.8,1.3,28,74.0,23.2,0,0
8,8.8,26.3,14.1,4.1,19,883.0,29.3,1,0
12,8.38,180.8,9.0,7.2,39,883.0,31.2,0,1
8,7.55,213.4,2.0,4.8,29,371.0,28.0,0,0
12,6.27,16.8,14.2,1.3,13,72.0,32.5,0,1
10,7.54,105.8,0.6,0.0,21,668.0,35.6,0,0
8,5.23,252.8,17.4,7.1,25,756.0,21.7,0,1
10,8.04,412.7,2.8,21.1,17,156.0,29.5,0,0
12,9.47,108.1,2.5,8.3,7,165.0,18.5,1,0
10,8.43,450.2,3.5,3.1,8,749.0,23.9,1,1
12,5.19,115.1,19.2,11.7,8,834.0,31.6,0,1
12,7.15,75.2,13.9,2.6,32,722.0,27.8,0,0
8,4.17,282.8,16.0,3.7,11,221.0,19.9,1,0
8,7.53,101.9,8.0,3.2,30,400.0,33.2,1,0
10,7.31,95.8,6.7,3.0,15,561.0,25.3,0,1
8,3.13,101.1,4.7,7.5,28,186.0,32.3,0,1
12,4.41,281.4,9.6,3.7,14,229.0,30.6,0,1
12,5.99,267.5,11.0,1.9,17,290.0,23.8,0,0
8,5.96,77.5,12.6,1.5,23,483.0,32.3,2,1
8,4.32,60.8,5.1,0.2,23,484.0,29.6,3,0
10,7.2,101.6,19.0,4.4,16,742.0,28.9,0,0
8,6.95,127.6,3.4,1.3,26,690.0,25.7,0,0
12,6.15,40.8,19.3,0.8,34,827.0,22.5,0,1
8,5.14,236.9,0.3,5.3,16,758.0,25.9,1,0
10,8.39,100.0,9.6,5.7,33,266.0,25.8,0,0
8,9.48,61.0,6.7,7.0,25,332.0,32.3,0,0
10,5.63,16.9,9.0,3.5,15,475.0,19.8,0,0
8,5.4,40.9,11.4,11.2,22,62.0,35.4,0,0
10,7.38,447.2,8.7,13.8,31,818.0,35.6,0,0
8,5.86,54.6,8.3,8.2,16,88.0,24.8,0,0
10,6.25,27.7,14.7,5.0,27,324.0,35.0,0,0
12,7.83,92.6,13.7,1.8,38,534.0,23.0,0,0
8,3.06,55.0,16.7,20.4,27,490.0,33.6,0,0
8,8.87,5.4,5.0,1.6,29,606.0,23.9,0,0
8,6.63,58.5,12.2,1.1,8,498.0,33.2,0,0
10,5.76,117.8,11.7,2.9,34,245.0,20.8,0,0
10,6.34,120.3,7.4,0.3,34,221.0,33.4,1,1
10,6.43,66.1,9.7,19.2,17,821.0,34.4,1,0
8,3.38,88.9,6.3,4.4,18,274.0,20.7,1,0
8,9.19,505.1,2.8,4.1,12,289.0,36.8,0,0
10,6.57,71.1,4.3,5.3,28,401.0,33.1,0,0
8,7.3,44.8,2.1,3.4,22,169.0,18.0,0,0
12,8.21,41.9,13.7,0.2,39,481.0,25.6,1,0
8,4.66,91.8,13.2,4.7,29,615.0,33.2,2,0
10,7.35,213.8,19.0,6.3,21,718.0,31.6,0,0
8,6.02,34.6,14.6,2.7,36,655.0,28.6,0,0
8,8.02,185.3,1.0,7.1,28,175.0,32.6,0,0
10,2.67,3.2,17.7,1.3,11,438.0,23.6,0,1
10,6.32,81.4,17.3,1.3,17,83.0,28.2,1,0
12,5.41,224.3,8.9,0.9,31,65.0,23.8,0,0
8,7.28,62.0,11.7,2.3,9,424.0,28.7,0,0
8,7.35,124.4,19.5,9.4,30,265.0,33.0,0,0
10,5.23,34.4,10.6,8.8,35,631.0,31.9,0,0
10,5.22,203.2,18.1,2.4,14,666.0,29.1,0,1
8,6.3,8.1,1.7,4.4,30,811.0,32.9,0,0
8,4.89,287.1,3.8,6.4,26,697.0,33.4,0,0
8,8.02,33.1,8.8,1.4,16,91.0,37.0,0,0
12,5.84,311.2,11.7,0.9,36,366.0,33.8,0,1
8,1.5,65.2,16.3,17.9,31,282.0,31.3,1,0
8,5.83,192.4,19.8,4.8,37,378.0,32.7,0,1
8,4.63,57.7,7.8,19.9,24,186.0,29.2,0,0
8,3.56,354.5,0.9,2.1,17,133.0,26.6,0,0
8,4.27,20.3,16.0,6.1,18,493.0,32.3,2,1
10,6.7,29.5,12.1,1.3,26,662.0,31.8,2,0
8,8.89,101.9,4.0,1.5,22,647.0,29.5,1,0
12,7.06,12.8,9.9,3.6,33,433.0,27.0,0,0
8,5.41,32.7,14.8,1.9,20,494.0,26.7,1,0
10,7.32,431.7,15.4,0.9,39,489.0,26.0,1,0
12,5.67,562.5,10.0,1.5,38,638.0,34.3,1,1
10,5.25,70.8,6.1,0.2,7,91.0,33.9,0,0
10,4.42,385.2,19.5,6.1,8,653.0,33.7,0,0
8,3.35,118.1,13.3,3.4,9,545.0,22.7,1,1
8,5.8,47.2,8.2,0.5,14,218.0,26.2,0,0
10,6.78,181.8,5.6,0.9,33,92.0,26.7,0,0
12,6.33,161.3,14.6,0.5,36,142.0,25.0,0,0
10,5.75,678.2,4.8,4.7,35,496.0,37.3,1,1
10,4.8,46.2,3.4,0.5,6,695.0,30.0,0,0
10,7.59,167.2,10.6,7.0,16,334.0,29.6,0,0
8,4.13,8.0,5.8,0.1,31,372.0,25.7,0,0
8,7.9,18.1,12.6,1.4,9,844.0,32.3,0,1
10,4.7,0.6,2.4,11.1,31,231.0,39.0,2,0
12,5.15,1128.8,13.1,6.3,27,138.0,28.4,0,1
8,3.86,243.1,5.7,0.4,37,342.0,26.8,1,1
10,5.6,231.8,0.0,8.6,8,684.0,27.5,0,0
8,8.26,106.9,2.5,3.4,25,582.0,26.4,0,0
10,7.43,53.5,18.7,9.4,28,403.0,28.0,0,0
8,8.26,24.6,17.3,4.6,35,870.0,24.9,0,0
8,7.44,50.3,4.7,5.7,28,675.0,23.6,1,0
10,4.51,70.7,15.6,25.2,14,103.0,27.9,1,0
8,5.9,211.8,12.2,1.3,6,683.0,28.4,0,1
10,5.1,116.4,19.4,4.9,35,70.0,26.6,0,0
10,8.9,12.1,7.5,3.1,29,603.0,35.3,1,0
12,4.35,2.7,13.6,0.2,8,229.0,30.1,0,0
8,8.11,16.2,1.3,0.1,15,642.0,31.7,3,0
8,8.11,79.3,7.9,0.6,21,313.0,31.8,1,0
8,9.79,405.9,19.3,5.2,6,792.0,28.5,4,0
12,5.76,152.2,10.8,4.2,10,336.0,29.1,1,0
12,7.78,242.8,5.8,4.0,13,577.0,23.7,2,1
10,10.61,94.2,2.4,0.2,9,293.0,31.3,0,1
12,5.39,67.3,14.1,3.2,24,830.0,26.3,1,0
10,3.74,17.2,12.9,12.9,33,714.0,24.8,0,0
10,3.12,313.0,7.5,2.5,25,257.0,34.5,0,1
8,7.78,229.3,19.0,4.9,13,856.0,21.3,0,1
10,3.11,27.6,0.4,7.6,32,354.0,36.6,0,0
8,5.83,107.7,6.1,7.7,12,604.0,36.2,0,0
12,7.29,100.2,18.4,3.7,35,681.0,26.9,0,0
10,6.83,147.2,6.4,9.8,24,69.0,36.9,1,0
10,7.27,438.3,5.0,2.5,31,865.0,23.6,0,0
8,6.9,130.0,10.7,11.0,12,343.0,33.0,0,0
8,8.8,116.6,16.5,1.4,25,211.0,28.1,0,0
8,4.79,7.7,2.1,1.6,32,773.0,19.0,0,0
8,5.28,9.7,18.9,0.3,27,647.0,24.8,1,0
8,5.11,31.1,15.9,7.9,10,124.0,27.1,0,0
12,7.99,5.0,3.6,2.7,7,149.0,31.9,1,0
10,8.12,204.0,14.2,1.3,9,658.0,25.6,0,0
8,7.31,192.7,7.7,1.3,13,114.0,26.6,1,0
8,8.63,21.9,8.0,11.6,11,830.0,30.7,1,0
8,4.38,271.3,15.7,9.0,8,680.0,30.4,0,0
10,9.5,25.2,19.3,4.0,9,335.0,27.5,1,0
10,9.24,53.8,2.5,4.8,15,358.0,26.5,0,0
12,7.82,42.9,8.4,3.2,19,481.0,32.7,1,0
8,9.71,69.9,9.6,2.5,38,357.0,26.5,1,0
12,3.52,44.1,7.5,12.4,17,716.0,22.1,0,0
12,5.56,100.7,7.3,0.7,11,879.0,26.0,0,0
8,5.18,78.5,1.0,2.7,10,547.0,30.7,0,0
12,7.8,646.5,13.7,2.1,34,429.0,27.3,1,1
8,4.61,8.6,8.7,3.4,26,239.0,25.5,0,0
12,7.86,23.0,3.9,3.1,29,605.0,21.7,0,0
8,8.97,8.1,16.3,3.7,32,633.0,27.3,0,0
12,7.75,147.5,16.1,0.8,24,632.0,29.1,0,0
12,7.01,8.4,9.7,3.6,7,73.0,23.0,1,0
12,4.72,271.6,6.0,1.4,9,814.0,27.1,0,0
10,4.98,107.6,12.8,1.0,5,337.0,22.5,1,1
8,8.75,112.3,5.8,0.3,19,683.0,27.4,1,1
8,7.9,123.7,4.7,7.2,30,696.0,36.6,0,0
8,6.43,28.1,14.6,2.8,7,603.0,28.9,1,0
8,5.75,33.0,0.8,4.9,38,386.0,20.1,0,0
10,2.85,57.6,1.9,6.5,9,567.0,29.7,0,0
8,4.57,135.0,0.1,5.7,35,84.0,34.6,2,0
12,9.94,35.4,3.1,3.2,17,698.0,21.1,1,0
10,4.2,18.6,1.4,2.5,5,135.0,22.8,0,0
12,6.84,526.6,19.9,2.4,26,387.0,29.3,1,1
8,8.31,3.3,5.8,5.1,19,138.0,27.6,0,0
12,4.24,243.5,3.0,3.4,30,762.0,34.1,0,0
12,6.83,232.7,4.8,9.5,22,518.0,27.1,0,0
8,8.19,52.9,18.7,10.4,13,637.0,32.1,1,0
10,6.52,21.9,10.4,0.9,5,630.0,35.6,1,0
10,11.66,23.6,7.3,0.7,13,765.0,23.7,1,0
8,3.5,179.3,17.5,5.0,27,163.0,31.7,0,0
10,8.41,154.4,7.9,1.8,6,611.0,26.0,0,1
8,6.19,229.0,6.7,0.1,18,539.0,16.9,0,0
8,7.89,415.8,4.1,11.0,22,76.0,30.4,0,0
8,7.29,176.6,7.6,1.3,20,221.0,31.0,1,0
8,5.18,25.4,6.3,13.2,33,277.0,20.3,0,0
8,6.91,41.8,13.5,6.3,15,112.0,25.7,1,0
8,3.16,277.0,5.8,7.2,10,352.0,24.9,0,0
12,7.59,35.2,11.5,1.1,7,73.0,32.0,0,0
10,7.04,11.3,1.3,1.3,18,520.0,20.3,0,0
12,7.65,182.2,3.8,3.7,6,230.0,28.5,0,0
8,8.4,77.3,8.1,0.9,36,294.0,16.3,0,0
8,7.16,378.9,18.7,1.8,35,824.0,29.9,1,1
10,6.77,157.6,7.5,1.9,15,477.0,28.6,0,1
8,4.91,14.2,13.3,0.9,26,279.0,25.4,0,0
8,5.22,443.1,5.1,1.1,7,559.0,35.1,1,1
10,8.64,44.9,2.5,7.8,35,221.0,14.9,1,0
8,9.09,61.7,1.2,0.9,37,113.0,27.9,0,0
10,6.07,77.2,6.1,0.1,28,68.0,34.0,1,0
10,6.58,7.9,3.2,5.0,5,859.0,28.6,1,0
8,4.87,102.9,3.5,18.6,19,666.0,34.8,1,0
8,8.61,19.7,15.2,2.0,31,730.0,25.7,0,0
10,7.7,76.9,0.3,0.6,31,884.0,27.2,0,0
8,9.99,64.8,11.2,4.2,16,842.0,34.2,0,0
8,4.92,222.3,7.6,11.8,7,676.0,32.5,0,0
12,5.82,243.8,10.1,7.7,34,640.0,40.0,1,0
8,6.92,25.0,11.3,4.9,36,336.0,28.5,0,0
10,7.66,68.5,6.3,1.9,27,138.0,29.0,0,0
12,6.11,70.1,5.9,3.9,6,538.0,25.7,0,0
8,4.93,24.6,14.7,0.5,11,540.0,27.0,0,0
8,8.09,240.3,17.4,5.7,38,859.0,33.4,0,0
8,7.8,184.3,3.9,6.5,36,426.0,28.0,1,0
8,4.85,31.7,2.0,16.8,36,637.0,24.0,1,0
8,8.94,68.5,18.0,1.5,18,539.0,26.1,1,0
10,8.61,16.8,7.0,0.1,7,200.0,27.5,0,1
8,6.74,148.4,11.0,3.9,36,553.0,24.3,1,1
10,6.64,19.4,7.2,6.1,21,509.0,25.7,0,0
12,7.5,639.6,2.5,7.8,7,470.0,23.0,1,0
12,4.95,227.6,11.8,1.1,14,486.0,25.9,0,0
10,6.55,74.2,10.5,1.5,22,189.0,33.8,0,0
8,2.63,129.6,4.1,3.6,7,444.0,28.2,1,1
10,8.08,363.4,9.0,2.0,14,565.0,40.3,0,0
10,3.69,121.1,15.9,9.8,13,466.0,24.2,0,0
8,9.21,28.8,11.8,3.2,15,465.0,30.4,1,0
8,5.91,71.4,1.9,8.0,37,116.0,29.1,0,0
12,6.12,277.9,11.0,4.3,30,212.0,31.3,1,0
8,5.37,155.0,14.1,7.4,31,323.0,25.0,0,0
8,5.98,157.8,15.9,2.0,26,406.0,26.2,0,0
8,9.05,302.4,12.6,8.9,30,555.0,30.0,1,0
8,2.02,336.6,3.1,1.6,26,784.0,25.5,0,1
12,8.8,378.5,14.2,3.9,9,185.0,19.1,0,0
10,7.11,14.9,13.5,1.2,39,63.0,34.6,0,0
10,4.33,117.8,0.5,3.2,6,432.0,32.4,0,0
8,4.56,202.4,8.2,1.9,39,417.0,25.9,1,0
8,9.52,212.2,6.7,1.6,13,519.0,29.1,0,0
8,4.8,140.0,13.4,17.1,22,758.0,33.0,1,1
8,4.42,27.4,4.3,0.9,16,732.0,34.7,2,1
8,8.55,239.5,11.8,7.7,7,135.0,28.5,0,0
10,7.11,191.0,18.3,20.7,22,844.0,25.1,0,0
8,4.81,13.5,16.0,0.1,11,144.0,35.3,0,0
10,6.89,93.5,18.4,6.0,37,589.0,28.5,0,0
8,4.65,28.7,19.6,1.5,10,622.0,27.3,1,0
8,8.48,61.8,0.2,0.2,22,628.0,29.3,1,0
8,8.41,2.7,12.5,2.6,26,276.0,33.8,1,0
12,7.46,76.7,8.3,13.7,13,331.0,27.8,0,0
12,7.15,119.7,17.2,0.1,39,516.0,32.9,0,0
12,9.67,145.0,5.0,4.4,27,220.0,27.0,1,0
8,6.5,163.4,19.6,3.5,16,67.0,31.0,0,1
8,4.37,271.5,12.3,10.3,28,528.0,23.3,0,0
10,7.31,36.4,15.9,0.4,13,445.0,33.3,0,0
8,10.25,19.3,1.7,5.7,17,608.0,24.6,1,0
12,4.67,286.1,3.7,5.7,21,175.0,30.3,0,0
8,5.85,25.5,15.2,5.5,11,765.0,20.6,0,0
8,7.25,551.9,0.4,14.3,21,174.0,28.1,0,0
8,6.4,277.3,16.3,8.7,28,808.0,28.9,1,1
8,4.73,104.2,0.3,0.2,6,432.0,24.6,1,0
10,8.52,597.9,13.1,3.2,39,517.0,27.5,2,1
8,10.68,15.4,7.3,2.5,32,812.0,29.3,2,1
8,6.85,54.2,12.2,1.9,23,305.0,30.8,1,0
8,4.87,152.5,13.9,3.0,37,205.0,28.5,1,0
8,3.71,64.6,6.8,2.4,25,429.0,34.7,0,0
10,6.96,395.4,2.2,2.8,14,258.0,33.8,0,1
12,8.49,10.2,1.4,19.4,13,499.0,27.8,2,0
12,7.36,119.6,11.8,0.5,10,284.0,21.3,0,0
10,6.5,134.1,10.4,12.8,39,785.0,25.6,1,0
8,5.44,158.6,14.8,3.3,22,566.0,16.9,0,0
10,4.53,44.3,10.2,4.9,23,50.0,27.1,1,0
8,8.0,68.0,8.4,8.9,9,735.0,35.0,0,0
8,8.14,278.4,8.0,2.2,29,331.0,32.0,1,0
12,3.72,32.5,0.5,2.8,15,322.0,28.4,1,0
8,9.36,263.1,6.7,2.6,14,376.0,24.4,0,0
12,7.53,124.1,19.5,2.3,21,586.0,28.6,0,1
8,9.02,215.4,17.5,13.0,30,426.0,38.7,1,0
10,4.08,187.6,6.6,8.8,35,584.0,35.4,1,1
10,4.04,34.9,11.8,0.6,36,175.0,27.2,1,1
12,6.23,126.2,16.9,0.6,25,875.0,20.6,0,1
10,7.41,303.4,8.8,2.8,22,670.0,39.0,0,1
10,9.73,84.9,0.4,0.5,22,263.0,24.4,0,0
8,7.77,509.8,1.5,4.8,5,666.0,30.7,0,0
10,6.06,90.3,10.2,0.8,18,539.0,20.2,0,0
8,4.65,23.1,19.4,3.7,12,143.0,26.4,1,1
10,8.71,74.0,13.9,0.0,6,201.0,20.2,0,0
10,4.76,454.6,1.4,1.9,19,85.0,22.2,1,0
10,9.43,57.8,3.8,5.7,38,738.0,23.4,0,0
8,5.99,303.9,15.4,3.3,5,519.0,30.4,0,0
8,9.36,319.6,16.8,19.1,25,319.0,27.5,0,0
10,7.72,64.7,12.4,10.4,5,157.0,41.6,0,0
8,6.25,13.0,12.9,2.2,36,461.0,33.7,0,0
8,5.57,193.4,0.6,0.2,24,496.0,33.8,1,0
8,5.89,56.0,16.6,9.3,34,647.0,30.5,0,0
12,7.27,229.1,15.8,12.1,11,874.0,29.4,0,0
10,6.64,87.7,5.2,8.6,26,420.0,33.9,0,0
8,5.43,99.6,14.2,0.7,14,395.0,16.1,0,0
8,6.2,225.7,4.3,30.0,12,364.0,24.9,2,0
8,6.64,72.3,0.8,1.5,31,753.0,21.2,0,0
10,2.67,87.8,4.0,6.4,14,183.0,18.6,1,0
10,7.32,70.8,3.6,11.9,18,342.0,24.2,0,0
8,4.74,68.7,6.8,1.3,15,666.0,22.3,0,0
8,4.42,112.0,8.4,11.9,10,63.0,34.0,1,0
8,3.46,248.2,10.2,1.9,25,296.0,28.5,0,0
10,3.27,67.4,9.5,18.7,37,595.0,18.0,1,0
10,4.06,111.4,5.4,1.7,23,208.0,29.6,1,0
8,5.22,166.6,0.6,15.3,28,307.0,22.9,0,0
8,10.02,47.1,12.1,0.3,22,463.0,28.3,0,0
8,5.55,48.8,7.9,6.2,39,409.0,30.0,0,0
12,6.82,406.4,6.0,3.8,23,140.0,24.2,0,0
8,7.22,192.9,17.3,3.2,28,848.0,29.1,3,1
10,6.74,129.1,14.9,1.3,38,88.0,30.0,0,0
10,6.36,156.5,17.2,6.1,26,687.0,27.2,0,0
8,4.35,4.5,9.9,1.1,8,111.0,24.4,2,1
8,9.11,144.4,2.6,4.0,14,447.0,28.0,0,0
8,9.75,106.9,13.9,1.5,6,199.0,27.3,0,0
10,3.47,118.4,4.1,15.6,12,170.0,29.6,1,1
10,4.66,66.8,8.8,0.1,37,157.0,26.7,0,0
10,6.0,12.7,1.3,1.1,32,435.0,22.0,1,0
10,4.76,32.2,16.5,1.4,14,488.0,27.2,0,0
8,7.41,451.6,2.5,2.7,5,163.0,29.6,0,0
12,5.19,78.8,18.1,1.3,38,882.0,28.9,0,0
10,10.4,94.3,17.3,3.4,7,269.0,27.4,0,0
8,8.64,8.1,9.3,10.3,13,440.0,25.6,0,0
12,6.88,5.7,14.9,6.2,9,234.0,25.3,1,0
10,8.35,189.4,12.4,4.3,14,470.0,25.8,0,1
10,8.49,115.9,16.1,0.5,16,693.0,33.4,0,0
10,5.48,106.6,8.6,5.9,22,493.0,23.3,0,0
12,5.03,41.8,15.7,0.9,25,293.0,28.5,1,0
10,6.64,204.8,9.2,7.7,25,261.0,21.7,0,0
8,8.05,27.6,18.8,1.4,5,695.0,31.8,0,0
8,6.75,31.6,9.7,2.7,7,151.0,25.3,1,0
12,3.66,92.6,9.3,2.2,9,364.0,23.9,0,0
8,5.05,50.6,15.7,9.8,29,179.0,29.1,0,0
8,6.37,42.6,16.4,0.7,12,269.0,15.7,0,0
8,6.36,155.4,11.1,4.2,21,180.0,21.5,0,0
8,10.05,157.9,3.6,0.8,13,804.0,29.8,0,0
10,4.01,261.0,9.4,6.1,36,672.0,33.1,0,0
12,7.41,81.1,19.4,11.8,10,527.0,30.3,1,0
8,9.18,11.4,15.1,2.9,25,241.0,28.7,0,0
8,10.59,48.0,16.2,3.3,11,484.0,40.1,0,0
8,5.77,586.8,0.7,13.1,11,493.0,30.5,0,0
12,7.38,136.0,9.4,3.7,31,552.0,22.8,0,0
10,7.53,185.5,12.9,3.3,12,101.0,33.1,0,0
8,6.85,1.1,16.6,4.3,13,877.0,24.8,2,0
12,6.32,109.5,1.0,5.8,32,446.0,24.5,1,0
12,7.28,5.7,17.0,0.6,19,838.0,21.1,0,0
12,1.94,126.3,11.0,8.6,6,58.0,25.9,2,0
12,7.73,380.3,3.9,2.9,11,260.0,21.9,0,0
8,6.73,518.3,6.3,0.4,22,138.0,30.8,0,0
10,6.1,116.7,5.6,7.7,26,704.0,27.4,0,0
8,10.18,91.9,10.6,2.4,14,322.0,21.2,1,0
12,5.29,435.1,1.0,0.5,37,764.0,27.6,0,0
10,5.77,167.9,3.2,5.0,11,758.0,33.0,0,0
10,10.08,10.1,16.3,10.6,7,618.0,36.1,0,0
10,5.0,94.0,2.7,10.9,18,616.0,19.1,1,0
8,5.51,41.2,4.7,15.8,17,645.0,24.1,0,0
10,6.24,95.2,9.1,10.1,20,623.0,21.6,0,0
12,8.01,91.2,10.3,0.0,20,379.0,29.8,0,0
12,6.87,130.9,15.3,2.4,9,630.0,21.0,0,0
8,4.17,66.2,8.9,8.5,29,813.0,33.3,0,0
8,5.54,26.9,15.8,2.3,30,333.0,34.0,0,0
8,5.41,105.1,12.4,4.6,17,853.0,32.1,0,0
10,6.36,266.0,2.3,4.7,30,62.0,24.4,0,0
12,7.27,163.6,3.1,2.3,5,347.0,24.7,1,0
8,7.25,62.0,8.7,11.7,12,162.0,25.7,1,0
10,3.3,411.2,7.9,3.5,8,158.0,33.5,1,1
12,8.42,364.9,14.9,3.1,25,743.0,19.5,1,1
10,6.95,35.2,11.6,30.0,26,831.0,29.9,1,0
10,8.99,6.0,7.8,3.4,7,711.0,23.3,0,0
10,7.3,202.8,3.4,1.0,23,880.0,25.9,0,0
10,8.48,263.7,4.5,3.6,5,234.0,31.7,3,1
8,7.34,515.7,11.5,8.4,33,170.0,20.4,1,0
10,8.92,330.9,8.5,7.5,27,493.0,26.6,0,0
10,7.44,137.6,10.3,7.8,37,755.0,27.4,0,0
12,6.32,113.3,3.4,6.2,27,84.0,27.8,0,0
10,10.59,4.2,13.3,1.5,9,896.0,27.5,0,0
10,8.1,42.5,17.1,9.9,11,562.0,30.8,0,0
8,7.53,92.3,5.2,11.2,10,882.0,25.7,0,0
8,4.2,148.5,9.8,1.1,26,360.0,29.8,0,0
8,4.18,122.2,19.5,0.7,17,439.0,29.6,0,0
8,7.03,203.6,6.7,18.6,16,690.0,29.4,0,0
10,6.76,49.2,11.9,10.1,8,724.0,30.6,0,0
12,5.39,124.8,1.8,11.2,12,248.0,29.4,0,0
8,6.75,13.8,12.1,10.9,35,840.0,27.6,1,0
8,9.36,80.1,1.8,3.9,30,787.0,21.7,1,0
12,7.75,208.0,19.2,5.2,12,65.0,34.8,0,0
8,4.45,177.3,14.3,3.9,37,159.0,36.5,0,0
10,6.3,700.7,15.8,0.3,33,472.0,26.2,0,1
10,5.05,48.8,14.1,6.8,9,442.0,30.3,0,0
10,5.8,103.4,11.8,3.5,32,652.0,25.3,0,0
8,5.76,60.0,9.0,5.2,21,126.0,24.4,4,1
8,5.64,87.1,17.2,3.5,27,598.0,28.3,0,1
10,4.24,291.7,19.1,3.4,13,574.0,42.0,0,1
10,6.27,172.9,10.0,0.9,6,249.0,36.0,0,0
8,5.49,321.1,18.6,1.6,36,511.0,35.2,1,1
10,1.5,34.1,11.7,0.9,35,239.0,30.6,1,1
8,10.2,310.0,10.8,1.1,11,175.0,23.4,0,0
10,8.46,9.2,9.1,18.1,34,537.0,33.2,0,0
8,5.82,329.2,4.2,0.8,7,881.0,13.8,0,1
12,6.53,59.9,0.1,1.6,13,251.0,30.0,2,1
8,4.39,56.7,4.8,4.5,14,352.0,33.5,0,0
8,9.55,107.6,10.2,4.7,30,268.0,28.8,0,0
8,9.92,423.7,7.6,0.8,5,276.0,36.3,0,0
8,6.78,7.3,9.0,7.9,34,394.0,20.9,1,0
12,8.34,65.1,19.6,7.7,19,647.0,36.0,0,0
12,6.82,291.3,7.0,1.4,29,83.0,27.2,0,0
8,4.09,75.6,9.0,1.7,10,864.0,35.3,1,0
8,5.76,33.3,2.7,13.9,22,89.0,33.1,0,0
10,6.74,83.0,1.0,8.7,5,799.0,35.6,0,0
12,5.68,73.1,15.5,6.0,7,810.0,32.9,0,0
10,6.11,370.5,11.4,0.4,21,496.0,31.5,0,1
8,6.34,215.3,15.2,2.7,12,166.0,34.8,2,0
8,6.35,105.5,3.0,4.1,21,530.0,28.3,0,0
10,6.59,668.1,11.4,1.0,29,584.0,31.0,1,1
8,4.59,93.9,5.1,3.0,16,779.0,28.0,0,0
10,5.21,9.0,4.6,4.6,33,518.0,24.6,0,0
8,4.19,45.6,0.2,2.0,29,399.0,30.6,1,1
10,8.26,85.9,2.6,7.6,29,763.0,29.0,2,0
8,2.71,25.6,6.2,9.2,33,884.0,34.3,1,1
10,8.58,442.2,2.3,2.0,15,598.0,27.0,1,0
8,9.0,218.4,19.7,9.1,8,793.0,24.2,0,0
10,5.96,46.9,6.2,0.5,18,559.0,34.2,1,1
8,1.81,134.0,2.6,9.1,21,636.0,28.3,1,0
10,5.85,191.7,4.0,0.8,6,635.0,24.0,0,0
10,6.38,425.2,11.8,0.4,12,649.0,34.9,0,0
10,4.68,320.1,1.3,5.1,14,323.0,32.6,1,0
10,5.57,108.6,17.2,3.2,11,539.0,37.2,0,1
10,9.25,223.5,19.2,11.9,20,555.0,26.3,0,0
12,7.7,123.9,4.9,2.3,18,318.0,25.6,0,0
8,4.84,120.7,9.0,1.7,20,347.0,22.6,1,0
12,3.62,18.3,0.4,3.5,29,698.0,25.2,2,0
8,5.91,20.2,12.8,3.0,8,545.0,26.1,0,0
8,6.12,113.1,8.3,2.1,33,177.0,31.4,2,1
8,7.39,47.0,5.4,5.9,10,762.0,23.4,0,0
8,5.54,3.2,4.1,7.1,5,801.0,24.7,0,0
10,7.42,192.5,13.1,9.6,5,446.0,36.5,0,0
10,9.98,5.0,8.3,18.0,7,228.0,13.3,0,0
10,7.97,135.7,3.6,1.6,5,855.0,30.4,0,0
10,6.41,116.2,13.8,6.3,5,800.0,21.5,1,0
8,6.17,520.2,11.3,2.5,25,258.0,24.0,0,1
8,5.86,99.3,17.2,5.7,34,131.0,35.1,1,0
8,8.63,9.9,2.3,3.2,36,425.0,28.4,0,0
8,5.37,120.3,15.7,25.4,37,625.0,41.3,0,0
8,6.58,275.9,13.5,6.5,26,199.0,31.1,0,0
8,6.59,864.0,2.3,15.2,34,486.0,23.9,0,0
10,5.6,84.4,13.9,9.0,8,412.0,30.8,0,0
10,4.03,57.9,8.8,11.7,27,807.0,33.6,1,0
12,7.08,355.7,18.9,8.4,29,415.0,30.6,0,1
12,6.39,31.8,2.8,3.1,16,504.0,26.9,0,0
10,7.4,143.3,12.9,1.5,21,862.0,19.5,2,0
8,5.54,78.1,7.6,2.3,19,305.0,26.4,0,0
10,8.7,6.3,19.1,0.1,14,296.0,36.3,1,0
10,4.92,64.0,6.6,3.7,39,730.0,24.0,0,0
8,9.58,46.2,19.2,3.5,33,286.0,25.9,0,0
8,3.35,173.8,18.0,3.7,16,757.0,33.0,0,0
12,7.28,445.8,5.4,18.3,5,131.0,31.1,0,1
8,7.36,46.8,16.1,12.1,5,145.0,21.5,0,0
10,5.07,250.3,19.9,0.9,14,816.0,27.5,0,1
10,7.26,8.5,5.1,2.3,22,510.0,35.0,0,0
8,8.8,115.9,8.7,2.8,6,661.0,28.1,0,0
8,2.51,11.0,10.4,2.2,12,241.0,35.2,0,0
8,7.4,407.8,5.9,8.0,26,191.0,35.4,1,1
8,2.01,218.1,0.3,3.7,26,760.0,23.4,0,0
8,4.76,160.9,4.4,4.2,30,355.0,26.5,0,0
12,9.43,260.5,5.6,9.6,30,437.0,31.3,1,0
8,5.45,156.4,8.9,8.2,13,74.0,20.3,0,0
10,4.39,520.8,3.4,0.7,25,378.0,26.9,0,0
8,6.14,187.7,17.5,6.3,35,705.0,30.7,0,1
12,10.22,387.9,14.1,2.9,10,748.0,24.9,1,0
8,3.2,109.2,1.7,1.7,18,644.0,30.9,1,0
8,4.61,18.7,13.0,0.3,37,638.0,25.0,0,0
12,9.2,112.7,13.1,3.3,11,480.0,24.9,1,0
12,9.84,20.4,19.1,2.2,28,508.0,31.7,1,0
8,6.31,134.7,0.1,1.4,13,681.0,34.8,0,0
12,4.27,98.8,5.0,5.9,15,260.0,24.4,0,0
8,10.27,146.2,18.6,7.3,27,247.0,21.9,0,0
8,9.37,1.5,18.6,1.4,6,857.0,27.8,0,0
8,7.72,32.5,14.4,0.3,19,74.0,30.3,0,0
8,5.04,101.4,15.3,9.4,39,169.0,24.4,0,0
10,6.41,450.9,1.8,0.1,32,535.0,36.3,0,0
8,6.21,72.6,10.3,13.8,8,677.0,27.3,0,0
8,7.1,82.8,4.6,4.9,14,507.0,24.4,0,0
10,9.11,188.1,3.6,1.9,10,352.0,37.7,0,0
10,8.08,138.9,16.2,1.4,34,881.0,34.3,0,0
8,4.56,53.3,2.7,0.0,39,648.0,24.4,0,0
10,8.98,79.4,9.4,1.3,14,757.0,33.3,0,0
8,7.06,36.8,18.8,0.7,36,84.0,24.7,1,0
10,7.74,507.3,3.7,4.7,7,251.0,31.8,1,0
10,9.14,21.0,19.6,0.9,30,368.0,36.9,0,0
12,4.5,69.7,19.9,3.8,19,205.0,22.0,0,0
8,6.44,3.9,11.1,4.5,21,112.0,25.3,0,0
8,5.54,37.6,3.4,1.8,31,241.0,25.4,0,0
8,3.68,227.4,6.3,0.2,22,504.0,29.3,2,1
